index,handle,object_name,layer,length,area,volume
0,1E22,AcDbCircle,CELDA,,13986684.653047116,
1,1E23,AcDbBlockReference,COTAS,,,
2,1E24,AcDbBlockReference,COTAS,,,
3,1E25,AcDbBlockReference,COTAS,,,
4,1E26,AcDbBlockReference,COTAS,,,
5,1E27,AcDbBlockReference,COTAS,,,
6,1E28,AcDbBlockReference,COTAS,,,
7,1E29,AcDbBlockReference,COTAS,,,
8,1E2A,AcDbBlockReference,COTAS,,,
9,1E2B,AcDbBlockReference,COTAS,,,
10,1E2C,AcDbBlockReference,COTAS,,,
11,1E2D,AcDbBlockReference,COTAS,,,
12,1E2E,AcDbBlockReference,COTAS,,,
13,1E2F,AcDbBlockReference,COTAS,,,
14,1E30,AcDbBlockReference,COTAS,,,
15,1E31,AcDbBlockReference,COTAS,,,
16,1E32,AcDbBlockReference,COTAS,,,
17,1E33,AcDbBlockReference,COTAS,,,
18,1E34,AcDbBlockReference,COTAS,,,
19,1E35,AcDbBlockReference,COTAS,,,
20,1E36,AcDbBlockReference,COTAS,,,
21,1E37,AcDbBlockReference,COTAS,,,
22,1E38,AcDbBlockReference,COTAS,,,
23,1E39,AcDbBlockReference,COTAS,,,
24,1E3A,AcDbBlockReference,COTAS,,,
25,1E3B,AcDbBlockReference,COTAS,,,
26,1E3C,AcDbBlockReference,COTAS,,,
27,1E3D,AcDbBlockReference,COTAS,,,
28,1E3E,AcDbBlockReference,COTAS,,,
29,1E3F,AcDbBlockReference,COTAS,,,
30,1E40,AcDbBlockReference,COTAS,,,
31,1E41,AcDbBlockReference,COTAS,,,
32,1E42,AcDbBlockReference,COTAS,,,
33,1E43,AcDbBlockReference,COTAS,,,
34,1E44,AcDbBlockReference,COTAS,,,
35,1E45,AcDb3dSolid,CAÑ 8in SCH 160,,,3798890.1183603182
36,1E46,AcDb3dSolid,FLG BL 12in CL150,,,5514168.135156711
37,1E49,AcDbBlockReference,COTAS,,,
38,1E4A,AcDbBlockReference,COTAS,,,
39,1E4B,AcDbBlockReference,COTAS,,,
40,1E4C,AcDbBlockReference,COTAS,,,
41,1E4D,AcDbBlockReference,COTAS,,,
42,1E4E,AcDbBlockReference,COTAS,,,
43,1E4F,AcDbBlockReference,COTAS,,,
44,1E50,AcDbBlockReference,COTAS,,,
45,1E51,AcDbBlockReference,COTAS,,,
46,1E52,AcDbBlockReference,COTAS,,,
47,1E53,AcDbBlockReference,COTAS,,,
48,1E54,AcDbBlockReference,COTAS,,,
49,1E55,AcDb3dSolid,PL 6 MM,,,131606.31013455856
50,1E58,AcDbBlockReference,COTAS,,,
51,1E59,AcDbBlockReference,COTAS,,,
52,1E5A,AcDbBlockReference,COTAS,,,
53,1E5B,AcDbBlockReference,COTAS,,,
54,1E5C,AcDbBlockReference,COTAS,,,
55,1E5D,AcDbBlockReference,COTAS,,,
56,1E5E,AcDbBlockReference,COTAS,,,
57,1E5F,AcDbBlockReference,COTAS,,,
58,1E60,AcDbBlockReference,COTAS,,,
59,1E61,AcDbBlockReference,COTAS,,,
60,1E62,AcDbBlockReference,COTAS,,,
61,1E63,AcDbBlockReference,COTAS,,,
62,1E64,AcDbBlockReference,COTAS,,,
63,1E65,AcDbBlockReference,COTAS,,,
64,1E66,AcDbBlockReference,COTAS,,,
65,1E67,AcDbBlockReference,COTAS,,,
66,1E68,AcDbBlockReference,COTAS,,,
67,1E69,AcDbBlockReference,COTAS,,,
68,1E6A,AcDbBlockReference,COTAS,,,
69,1E6B,AcDbBlockReference,COTAS,,,
70,1E6C,AcDbBlockReference,COTAS,,,
71,1E6D,AcDbBlockReference,COTAS,,,
72,1E6E,AcDbBlockReference,COTAS,,,
73,1E6F,AcDbBlockReference,COTAS,,,
74,1E70,AcDbBlockReference,COTAS,,,
75,1E71,AcDbBlockReference,COTAS,,,
76,1E72,AcDbBlockReference,COTAS,,,
77,1E73,AcDbBlockReference,COTAS,,,
78,1E74,AcDbBlockReference,COTAS,,,
79,1E75,AcDbBlockReference,COTAS,,,
80,1E76,AcDbBlockReference,COTAS,,,
81,1E77,AcDbBlockReference,COTAS,,,
82,1E78,AcDbBlockReference,COTAS,,,
83,1E79,AcDbBlockReference,COTAS,,,
84,1E7A,AcDbBlockReference,COTAS,,,
85,1E7B,AcDbBlockReference,COTAS,,,
86,1E7C,AcDbBlockReference,COTAS,,,
87,1E7D,AcDbBlockReference,COTAS,,,
88,1E7E,AcDbBlockReference,COTAS,,,
89,1E7F,AcDbBlockReference,COTAS,,,
90,1E80,AcDbBlockReference,COTAS,,,
91,1E81,AcDbBlockReference,COTAS,,,
92,1E82,AcDbBlockReference,COTAS,,,
93,1E83,AcDbBlockReference,COTAS,,,
94,1E84,AcDbBlockReference,COTAS,,,
95,1E85,AcDbBlockReference,COTAS,,,
96,1E86,AcDbBlockReference,COTAS,,,
97,1E87,AcDbBlockReference,COTAS,,,
98,1E88,AcDbBlockReference,COTAS,,,
99,1E89,AcDbBlockReference,COTAS,,,
100,1E8A,AcDbBlockReference,COTAS,,,
101,1E8B,AcDbBlockReference,COTAS,,,
102,1E8C,AcDbBlockReference,COTAS,,,
103,1E8D,AcDbBlockReference,COTAS,,,
104,1E8E,AcDbBlockReference,COTAS,,,
105,1E8F,AcDbBlockReference,COTAS,,,
106,1E90,AcDbBlockReference,COTAS,,,
107,1E91,AcDbBlockReference,COTAS,,,
108,1E92,AcDbBlockReference,COTAS,,,
109,1E93,AcDbBlockReference,COTAS,,,
110,1E94,AcDbBlockReference,COTAS,,,
111,1E95,AcDbBlockReference,COTAS,,,
112,1E96,AcDbBlockReference,COTAS,,,
113,1E97,AcDbBlockReference,COTAS,,,
114,1E98,AcDbBlockReference,COTAS,,,
115,1E99,AcDbBlockReference,COTAS,,,
116,1E9A,AcDbBlockReference,COTAS,,,
117,1E9B,AcDbBlockReference,COTAS,,,
118,1E9C,AcDbBlockReference,COTAS,,,
119,1E9D,AcDbBlockReference,COTAS,,,
120,1E9E,AcDbBlockReference,COTAS,,,
121,1E9F,AcDbBlockReference,COTAS,,,
122,1EA0,AcDbBlockReference,COTAS,,,
123,1EA1,AcDbBlockReference,COTAS,,,
124,1EA2,AcDbBlockReference,COTAS,,,
125,1EA3,AcDbBlockReference,COTAS,,,
126,1EA4,AcDbBlockReference,COTAS,,,
127,1EA5,AcDbCircle,COTAS,,11520927.11906083,
128,1EA6,AcDbBlockReference,COTAS,,,
129,1EA7,AcDbBlockReference,COTAS,,,
130,1EA8,AcDbBlockReference,COTAS,,,
131,1EA9,AcDbBlockReference,COTAS,,,
132,1EAA,AcDbBlockReference,COTAS,,,
133,1EAB,AcDbBlockReference,COTAS,,,
