Cod. Producto,Producto,Stock - STOCK CASA MATRIZ,Stock - STOCK SUCURSAL LA CHIMBA,Stock - TERRENO,Stock Total Consolidado
11086200,"HARNESS,SZ L,KEVLAR,SERVI-ALL 0020020398",0.0,0.0,2.0,2.0
A193PEHEX212,pernos hexagonal de 1 ½  x 8 hilos por pulgada x 2 ½ A193 B7,0.0,50.0,0.0,50.0
A304LPE81200,PERNO ALLEN 304 8 X 12 MM,1.0,0.0,0.0,1.0
A316LES0QS00,ESPARRAGO 316L 3/4in,66.0,0.0,0.0,66.0
A316LFT0EZFJ,ASPERSOR FLAT JET NOZ ST.STL  COD:3/8P-SS5025,29.0,0.0,0.0,29.0
A316LGO0MY00,GOLILLA PRESION 316L 1/2in,0.0,55.0,0.0,55.0
A316LPE0M1MY,PERNO HEX. 316L 1/2 X 1 1/2'',308.0,0.0,0.0,308.0
A316LPE1C6MY,PERNO HEXAGONAL 316L 1 1/4`` X 6 1/2'',0.0,368.0,0.0,368.0
BCACHCN03NN0,CAUCHO NATURAL 03MM -  DUREZA 60,0.0,258.0,0.0,258.0
BCACHCN06NN0,CAUCHO NATURAL 06MM -  DUREZA 60,0.0,366.0,0.0,366.0
BCACHCN12NN0,CAUCHO NATURAL 12MM -  DUREZA 60,0.0,318.0,0.0,318.0
BCACHNE03NN0,CAUCHO NEOPRENO  03MM,0.0,86.0,0.0,86.0
BCACHNE06NN0,CAUCHO NEOPRENO  06MM,0.0,488.0,0.0,488.0
BCEALCE55S00,"PLACA CERAMICA S 11,55xT13mm",0.0,418.0,0.0,418.0
BCEALMM25150,CERAMICA  ALTALUMINA 150X25X25 MM,0.0,480.0,0.0,480.0
BCEALMM35353,CERAMICA  ALTALUMINA 35X35X35 MM,0.0,6480.0,0.0,6480.0
BCEALUMM0621,PLACA CERAMICA 150X50X25mm 92% AL2O3,0.0,1792.0,0.0,1792.0
BCOBRBR01X00,BARRA COBRE  Ø 1  x 3 mts,1.0,0.0,0.0,1.0
BCOBRBR25XOO,BARRA DE COBRE REDONDA 25 MM,3.0,0.0,0.0,3.0
BCOBRBR25YOO,BARRA DE COBRE CUADRADA  25 MM,1.0,0.0,0.0,1.0
BZINCPL05S00,PANEL CN-4 0.5 X 1000 X 6000,2.0,0.0,0.0,2.0
C1020PE10S34,PERNO ANCLAJE 3/4,0.0,28.0,0.0,28.0
CA036FL14Z17,FLANGE A-105 CL 150 LB SLIP-ON 14in,0.0,4.0,0.0,4.0
CA036GO0EYOO,GOLILLA PRESION  5/8in,0.0,282.0,0.0,282.0
CA036GO0MZ02,GOLILLA PLANA DE 2 in,116.0,0.0,0.0,116.0
CA036GO0QY00,GOLILLA PRESION 3/4 in,0.0,105.0,0.0,105.0
CA036PE08MV0,TORNILLO AUTOPERFORANTE 8 X 1/2,89.0,0.0,0.0,89.0
CA036PE0C3MV,TORNILLO AUTOPERFORANTE HEX1/4in X 3 1/2in  CON GOLILLA GOMA,0.0,89.0,0.0,89.0
CA036PE0QX10,PERNO ANCLAJE  3/4 X 10'',38.0,0.0,0.0,38.0
CA036PE1CV00,TORNILLO AUTOPERFORANTE 1 1/4 CON GOLILLA,0.0,200.0,0.0,200.0
CA036TU0020Z,TUERCA HEXAGONAL 2in NEGRA,85.0,0.0,0.0,85.0
CA036TU0SZ00,TUERCA HEXAGONAL 7/8 ZINC,39.0,0.0,0.0,39.0
CA036TU1CY00,TUERCA HEXAGONAL DE 1 3/4 in,0.0,45.0,0.0,45.0
CA036TU1MZ00,TUERCA  1 1/2,6.0,0.0,0.0,6.0
CA036TUOEZOO,TUERCA HEX  5/8 in,0.0,321.0,0.0,321.0
CA053CN2MT00,CAÑERIA A-106 2 1/2 in SCH80,0.0,6.0,0.0,6.0
CA105FL02X00,FLANGE A-105 02in CIEGO CL 150 LBS RF,0.0,1.0,0.0,1.0
CA105FL02Z17,FLANGE A-105  02in SLIP ON RF CLASE 150lb,0.0,7.0,0.0,7.0
CA105FL03Z17,FLANGE A-105  03in SLIP ON RF CLASE 150lb,0.0,9.0,0.0,9.0
CA105FL04X00,FLANGE A-105 04in CIEGO CL 150 LBS,0.0,2.0,0.0,2.0
CA105FL06X00,FLANGE A-105 06in CIEGO CL 150 LBS RF,0.0,7.0,0.0,7.0
CA105FL08X00,FLANGE A-105 08in CIEGO CL 150 LBS RF,0.0,2.0,0.0,2.0
CA105FL08Z17,FLANGE A-105  08in SLIP ON RF CLASE 150lb,0.0,12.0,0.0,12.0
CA105FL10Z17,FLANGE A-105 CL 150 LB SLIP-ON 10in,0.0,20.0,0.0,20.0
CA105FL12Z17,FLANGE A-105 CL 150 LB SLIP-ON 12in,0.0,9.0,0.0,9.0
CA105FL2MZ17,FLANGE A-105  2 1/2 in SLIP ON RF CLASE 150lb,0.0,1.0,0.0,1.0
CA105FLWN300,FLANGE WN A-105 3 in CL 300 RF SCH-XS,0.0,1.0,0.0,1.0
CA2344C06W04,CODO 45º RL 06in SCH40,0.0,1.0,0.0,1.0
CA23493D3W45,CODO 3D 45° RL 3in  STD,0.0,1.0,0.0,1.0
CA23493D4W90,CODO 3D 90° RL 4in  STD,0.0,3.0,0.0,3.0
CA23493D6W45,CODO 3D 45° RL 6in  STD,0.0,6.0,0.0,6.0
CA23493D6W90,CODO 3D 90° RL 6in  STD,0.0,14.0,0.0,14.0
CA23493D8W45,CODO 3D 45° RL 8in  STD,0.0,1.0,0.0,1.0
CA23495D4W45,CODO 5D 45° RL 4in  STD,0.0,1.0,0.0,1.0
CA23495D4W90,CODO 5D 90° RL 4in  STD,0.0,1.0,0.0,1.0
CA2349C03W13,CODO 90° RL 3in SCH40,0.0,35.0,0.0,35.0
CA2349C06W04,CODO 90º RL 06in SCH40,0.0,19.0,0.0,19.0
CA2349C08W04,CODO 90° RC 8 in SCH 40,0.0,1.0,0.0,1.0
CA2349C10W04,CODO 90º RL 10in SCH40,0.0,21.0,0.0,21.0
CA2349C14W04,CODO 90º RL 14in SCH 40,0.0,10.0,0.0,10.0
CA234C38W004,CODO 90º RC 4in SCH 40,0.0,8.0,0.0,8.0
CA234ER06W03,REDUCCION EXCENTRICA A-234 06in X 03in SCH40,0.0,1.0,0.0,1.0
CA234ER06W04,REDUCCION EXCENTRICA A-234 06in X 04in SCH40,0.0,1.0,0.0,1.0
CA234RC10W08,REDUCCIÓN CONCENTRICA  10in - 08in WELDING SCH14,0.0,2.0,0.0,2.0
CA234TE03000,TEE RECTA 3 in A234 SCH 40,0.0,7.0,0.0,7.0
CA234TE06000,TEE RECTA 6 in A-234 SCH40,0.0,5.0,0.0,5.0
CA234TE14W04,TEE RECTA 14 in A-234 SCH40,0.0,1.0,0.0,1.0
CA234TEEA403,TEE RECTA 4 in A-234 SCH 40,0.0,4.0,0.0,4.0
CA234TR08W06,TEE REDUCCION A-234 08in X 6in SCH40,0.0,2.0,0.0,2.0
CA234TR14W10,REDUCCION CONCENTRICA A-234 14 in X 10i n SCH40,0.0,1.0,0.0,1.0
CA234TRC4212,REDUCCION CONCENTRICA A-234 SCH-40 4X2  1/2,0.0,1.0,0.0,1.0
CA325PES2MY0,PERNO HEXAGONAL A-325 7/8 X 2 1/2'',0.0,297.0,0.0,297.0
CAZINES0QS34,ESPARRAGO 3/4 ZINCADO ,66.0,0.0,0.0,66.0
CF436GOSQS01,GOLILLA PLANA F-436 1,20.0,0.0,0.0,20.0
CGR02TU0ZI00,TUERCA HEXAGONAL  G°2  3/4 in ZINC,295.0,0.0,0.0,295.0
CGR02TU0ZI58,TUERCA HEXAGONAL  G°2  5/8 in ZINC,200.0,0.0,0.0,200.0
E100ALKEVL04,ARNES 4 ARGOLLAS DE KEVLAR MSA,5.0,0.0,0.0,5.0
E100AN000005,CASQUETE PORTAVISOR CON ARNES CABEZA PARA PANTALLA 8 X 16,5.0,2.0,0.0,7.0
E100AN000006,MICA PARA PULIR 8 X 16 CLARO BORDE ALUMINIO,0.0,0.0,30.0,30.0
E100ANVISO06,VISOR 8X16 CLARO BORDE ALUMINIO,268.0,0.0,0.0,268.0
E100BS000003,PUNTERAS DE SEGURIDAD,1.0,0.0,0.0,1.0
E100CA000001,CASCO DE SEGURIDAD,0.0,6.0,0.0,6.0
E100CAPROT03,CASCO BLANCO PROSEG,2.0,0.0,0.0,2.0
E100CASMAU08,PROTECTOR AUDITIVO P/CASCO,7.0,0.0,0.0,7.0
E100F1003M07,FILTRO 2091 (P100) - 3M CONTRA PARTICULAS,0.0,183.0,0.0,183.0
E100FI000009,FILTRO AIR F200CP3 - CONTRA PARTICULAS Y VAPORES,0.0,6.0,0.0,6.0
E100FI003M04,FILTRO 60923 3M / F600VGP3 AIR - CONTRA GASES Y VAPORES,0.0,6.0,0.0,6.0
E100FI0M0001,RESPIRADOR MEDIO ROSTRO,8.0,10.0,0.0,18.0
E100LE000002,LENTES OSCUROS,11.0,4.0,0.0,15.0
E100MSFULL03,MASCARA FULL FACE 6800 3M,2.0,0.0,0.0,2.0
E100MSRECS00,RESPIRADOR ELIPSE COMPLETO SPR,2.0,0.0,0.0,2.0
E100PA000003,TAPON AUDITIVO REUTILIZABLE,0.0,224.0,0.0,224.0
E100PA003M02,TAPON AUDITIVO ESPUMA - 3 M,0.0,41.0,0.0,41.0
E100VD000002,VIDRIO SOLDADOR NEGRO,0.0,525.0,0.0,525.0
E100VD000007,PACK VISORES MASCARA DE SOLDAR STEELPRO,1.0,37.0,30.0,68.0
E100VD000010,MASCARA DE SOLDAR,0.0,24.0,0.0,24.0
E100VDBLAC01,VIDRIO SOLDADOR TRANSPARENTE - MASCARA NORMAL,0.0,763.0,0.0,763.0
E100VDBLAC04,MICA PARA CARETA FACIAL PARA CASQUETE AMARILLO,24.0,0.0,0.0,24.0
E100VDNEGR10,VIDRIO SOLDADOR NEGRO GRADO 10,0.0,86.0,0.0,86.0
E100VDNEGR12,VIDRIO SOLDADOR NEGRO GRADO 12,0.0,95.0,0.0,95.0
E100VDOPTE03,MASCARA DE SOLDAR FOTOSENSIBLE STEELPRO OPTECH,0.0,1.0,0.0,1.0
E200AL000009,ANCLAJE DE CABLE SUSPENDIDO,3.0,0.0,0.0,3.0
E200GU000007,GUANTE DE NITRILO VERDE,0.0,100.0,0.0,100.0
E200GUANCO16,GUANTES ANTI CORTES,0.0,6.0,0.0,6.0
E200GUNNNN05,GUANTES DE LATEX,1.0,0.0,0.0,1.0
E200GUNNNN06,GUANTES DE NITRILO - GOMA,0.0,7.0,0.0,7.0
E200GUOOOOO4,GUANTES DE CABRITILLA  PUÑO LARGO,39.0,8.0,36.0,83.0
E200GUPROM01,GUANTES DE CABRITILLA PUÑO CORTO,9.0,50.0,0.0,59.0
E200GUPROM10,GUANTE SOLDADOR ROJO,0.0,19.0,0.0,19.0
E200GUSOLAZU,GUANTES SOLDADOR,0.0,15.0,0.0,15.0
E200PROSOL00,PROTECTOR SOLAR 1 LT,1.0,0.0,0.0,1.0
E300BS000001,BOTIN SEGURIDAD DAMA,2.0,0.0,0.0,2.0
E300BS000002,BOTIN DE SEGURIDAD VARON,2.0,0.0,0.0,2.0
E300BUNNNN05,OVEROL TELE ANTIACIDA,0.0,4.0,0.0,4.0
E300CQWORK03,IN - CHAQUETA POLAR VARON,0.0,2.0,0.0,2.0
E400BUBLAC03,BUZO PAPEL BLANCO,87.0,31.0,0.0,118.0
E400CM000006,CAMISA MEZCLILLA VARON,0.0,90.0,0.0,90.0
E400PC00XXL4,CONJUNTO PRIMERA CAPA POLIESTER T/XXL,0.0,2.0,0.0,2.0
E400PO000004,POLERA PIQUE M/LARGA AZUL VARON,2.0,0.0,0.0,2.0
E400PO000009,POLERA PIQUE M/CORTA DAMA,2.0,0.0,0.0,2.0
E400PTBLKW01,PANTALON DE MEZCLILLA,20.0,0.0,0.0,20.0
E400SDALFA01,PANTALON SOLDADOR CUERO,0.0,12.0,0.0,12.0
E400SDKEVL02,CHAQUETA SOLDADOR DE CUERO,1.0,0.0,0.0,1.0
E400SDKEVL04,COLETO DE CUERO,2.0,5.0,0.0,7.0
E400SDMAOT01,CHAQUETA SOLDADOR CUERO MAO TENMIX,0.0,3.0,0.0,3.0
E400SDPROM03,POLAINAS DE CUERO,3.0,0.0,0.0,3.0
E500BLAPRO02,PINZA DE BLOQUEO,76.0,0.0,0.0,76.0
E500BLLOCK01,CANDADO BLOQUEO AMERICAN LOCK,27.0,6.0,0.0,33.0
E500IZ000001,ESLINGA RACHET 1 MT ( CHICHARRA),1.0,0.0,0.0,1.0
E500OT000008,MUÑEQUERA PORTA HERRAMIENTAS,8.0,0.0,0.0,8.0
E500OTRODI19,RODILLERA,0.0,5.0,0.0,5.0
E500PX003M02,BOTIQUIN PRIMEROS AUXILIOS,1.0,0.0,0.0,1.0
H100AV000002,CORTA CORRIENTE,1.0,0.0,0.0,1.0
H100AV000026,CUÑAS POULIRETANO,4.0,0.0,0.0,4.0
H100AV000027,BARRA,1.0,0.0,0.0,1.0
H100AVQUIN17,TRIANGULO REFLECTANTE PARA CAMIONETA,4.0,0.0,0.0,4.0
H100FI000014,FILTRO AIRE,1.0,0.0,0.0,1.0
H100FI00CO14,FILTRO 2 1/2COBRE PN 16 BSP,1.0,0.0,0.0,1.0
H100RP000005,MOTOR,3.0,0.0,0.0,3.0
H100RP000028, SEPARADOR DE RUEDA PARA GRUA HORQUILLA,60.0,0.0,0.0,60.0
H200EL000017,TALADRO INALAMBRICO,0.0,1.0,0.0,1.0
H200ELESCM00,ESCAREADOR NEUMATICO PARA LIMPIENZA DE SALPICADURA DE SOLD.,0.0,1.0,0.0,1.0
H200ELMAKI02,ESMERIL ANGULAR 7IN MAKITA 2200W,2.0,0.0,0.0,2.0
H200ELMAKI10,ESMERIL ANGULAR 4 1/2  9557HP MAKITA,1.0,0.0,0.0,1.0
H200ELMK0005,BATERIA DE MOCHILA PDC1200A02 + ADAPTADOR,1.0,0.0,0.0,1.0
H300RGAR0000,REGULADOR ARGON,0.0,8.0,0.0,8.0
H300RM000006,LINER MIG 1.2 - 1.6,0.0,6.0,0.0,6.0
H300RM000043,VALVULA ANTIRRETROCESO REGULADOR GAS,3.0,2.0,0.0,5.0
H300RM000044,VALVULA ANTIRRETROCESO REGULADOR OXIGENO,2.0,2.0,0.0,4.0
H300RM000045,VALVULA ANTIRRETROCESO SOPLETE GAS,0.0,1.0,0.0,1.0
H300RM070003,JUEGO DE CARBONES ESMERIL ANGULAR 7-DEWALT,12.0,0.0,0.0,12.0
H300RM4M0002,JUEGO DE CARBONES ESMERIL ANGULAR 4 1/2 - DEWALT,12.0,0.0,10.0,22.0
H300RM721808,JUEGO CARBONES B-218 ESMERIL 7 - MAKITA,3.0,0.0,0.0,3.0
H300RMCIMT24,TORCHA (PISTOLA) MIG TW400 4.5 METROS,2.0,0.0,0.0,2.0
H300RMELEC33,PORTA ELECTRODO 300 AMP,0.0,6.0,0.0,6.0
H300RMINTDIF,INTERRUPTOR DIFERENCIAL 25A AC 30MA,0.0,4.0,0.0,4.0
H300RMLIND49,DEPOSITO PLASTICO CODIGO 0009802609,2.0,0.0,0.0,2.0
H300RMNN0047,ADAPTADOR MANDRIL UNF 1/2-20 X 3/4,4.0,0.0,0.0,4.0
H300RMSOLT38,PINZA TOMA TIERRA 500 AMP,5.0,0.0,0.0,5.0
H300RMTORC43,JUEGO DE CARBONES MAQUINA TORCH,300.0,0.0,0.0,300.0
H300RPCIMT01,REGULADOR FLUJOMETRO OXIGENO,0.0,7.0,0.0,7.0
H300RPCIMT19,TORCHA TIG WP17V DUAL 4 MT,499.0,0.0,0.0,499.0
H300RPCIMT37,REGULADOR MANOMETRO PROPANO,0.0,15.0,0.0,15.0
H400MANGUPQS,MANGUERA PQS,0.0,45.0,0.0,45.0
H400MQ000007,PUENTE GRUA 10 TONELADAS,0.0,4.0,0.0,4.0
H400MQ000022,PISTOLA MIG,0.0,2.0,0.0,2.0
H400MQ000023,PORTA POWER,1.0,0.0,0.0,1.0
H400MQ000033,CIZALLA UNIVERSAL,1.0,0.0,0.0,1.0
H400MQ000037,BOMBA HIDRAULICA HY230 CN ENFRIADOR HY230*HYTORC,0.0,1.0,0.0,1.0
H400MQ000046,UNIDAD HIDRAULICA,2.0,0.0,0.0,2.0
H400MQHYTO40,LLAVE TORQUE HYTORC CUADRANTE 1´´,0.0,1.0,0.0,1.0
H400MQSKIL33,SIERRA CIRCULAR 7 1/4,0.0,3.0,0.0,3.0
H500IN000002,FLEXOMETRO 10 MT,0.0,19.4,0.0,19.4
H500IN000004,ESCUADRA ACERO,5.0,0.0,0.0,5.0
H500IN000006,ESCUADRA 24in,5.0,0.0,0.0,5.0
H500IN000008,JUEGO TIZADOR,2.0,3.0,0.0,5.0
H500IN000009,LAPIZ PARA RAYAR METAL,3.0,0.0,0.0,3.0
H500IN000010,NIVEL BURBUJA,0.0,1.0,0.0,1.0
H500IN000012,COMPAS MECANICO PUNTA RECTA 12,0.0,8.0,0.0,8.0
H500IN000016,ESCUADRA COMBINADA DE 12'',0.0,7.0,0.0,7.0
H500IN000028,FLEXOMETRO METALICO 30 MTS,0.0,2.0,0.0,2.0
H500IN000040,REGLA DE ACERO DE 40  / 1000MM,0.0,4.0,0.0,4.0
H500IN25MLNN,MEDIDOR LASER ( RONIX DISTANCIA)/DISTANCIOMETRO ,2.0,1.0,0.0,3.0
H500INMARC33,MARCADOR TERMOCONTRAIBLE 1 - 10AWG,0.0,8.0,0.0,8.0
H500INMITU04,PIE DE METRO MITUTOYO 8 Pul.,0.0,5.0,0.0,5.0
H500INPBG300,PESA BALANZA GANCHO 300 KG,0.0,1.0,0.0,1.0
H500MQAGC329,ENZUNCHADORA AGC33 ACERO 13-16-19MM MANUAL,0.0,2.0,0.0,2.0
H500PIME6000,PIE DE METRO 6¨,0.0,1.0,0.0,1.0
H700CGNN0002,GRILLETE 2in,1.0,0.0,0.0,1.0
H700CGNN0012,GRILLETE  1/2in,3.0,0.0,0.0,3.0
H700CGZNNN07,GRILLETE ZN 3/4,1.0,0.0,0.0,1.0
H700CT000004,CUCHILLO CARTONERO,2.0,8.0,0.0,10.0
H700CTNN0003,TIJERA HOJALATERA,0.0,2.0,0.0,2.0
H700KT000018,SET PERFORACION,0.0,21.0,0.0,21.0
H700KT000026,KIT SOPLETE CALENTADOR OXIGENO/GAS,1.0,1.0,0.0,2.0
H700KT000027,KIT SOPLETE CALENTADOR GAS,1.0,1.0,0.0,2.0
H700KTALLEN0,JUEGO LLAVE ALLEN,0.0,7.0,0.0,7.0
H700KTDORM22,JUEGO DE MACHOS UNC DE 7/8   DORMER,1.0,0.0,0.0,1.0
H700KTVOLK15,JUEGO DE MACHOS 1-1/2in - VOLKEL,6.0,0.0,0.0,6.0
H700LCAC0001,ALICATE CAIMAN TIPO C,0.0,5.0,0.0,5.0
H700LL24IN28,LLAVE STILLSON 24in,1.0,0.0,0.0,1.0
H700LLCU1T34,ADAPTADOR IMPACTO 1/2 X 3/4-CUADRANTE REDUCTOR,4.0,0.0,0.0,4.0
H700LLCU3T12,ADAPTADOR IMPACTO 3/4 X1/2-CUADRANTE REDUCTOR,5.0,0.0,0.0,5.0
H700MN000003, ENGRASADOR  MANUAL 15 KG,1.0,0.0,0.0,1.0
H700MN000016,CHISPERO DE COPA,0.0,1.0,0.0,1.0
H700MN000045,DADO 2¨¨,0.0,1.0,0.0,1.0
H700MN000048,DADO 32 MM,1.0,0.0,0.0,1.0
H700MN000049,DADO 22 MM,7.0,0.0,0.0,7.0
H700MN000051,DADO 25 MM,0.0,4.0,0.0,4.0
H700MN000057,DADO 10MM,0.0,2.0,0.0,2.0
H700MN000059,DADO 15/16,1.0,0.0,0.0,1.0
H700MNN00030, ENGRASADOR  MANUAL 300 GR/ACEITADORA,3.0,0.0,0.0,3.0
H700MNN00050, ENGRASADOR  MANUAL 500 GR/ACEITADORA,3.0,0.0,0.0,3.0
H700MNNNNN01,DADO MAGNETICO,0.0,4.0,0.0,4.0
H700MNPHIL05,ATONILLADOR PUNTA PHILLIPS CROSSMANN Nº2,0.0,17.0,0.0,17.0
H700MP000002,MARTILLO CARPINTERO,4.0,4.0,0.0,8.0
H700MP000003,MARTILLO PEÑA,1.0,0.0,0.0,1.0
H700MP000015,TENSOR ZUNCHO METALICO 1/2,0.0,5.0,0.0,5.0
H700MP000016,COMBO,0.0,1.0,0.0,1.0
H700MPLIOI08,CHUZO,0.0,1.0,0.0,1.0
H700MPNN0001,CINCEL,0.0,13.0,0.0,13.0
H700MPTACT10,MARTILLO GOMA MANGO F/VIDRIO 45 MM,0.0,7.0,0.0,7.0
H700OTAIMT07,TENSOR TUBULAR ACERO INOXIDABLE 316L 3/4in,0.0,21.0,0.0,21.0
H8000TYRK00,ESPATULA YORK 100MM,0.0,10.0,0.0,10.0
H800NIALUM24,NIVEL ALUMINIO 24¨,0.0,4.0,0.0,4.0
H800NIALUM48,NIVEL ALUMINIO 48¨,0.0,3.0,0.0,3.0
H800OT000007,LINTERNA MANUAL,0.0,3.0,0.0,3.0
H800OT000011,CAJA  PORTA HERRAMIENTAS,1.0,0.0,0.0,1.0
H800OT000012,CINTA AISLADORA NEGRA,0.0,6.0,0.0,6.0
H800OT000107,LIMA PLANA,0.0,2.0,0.0,2.0
H800OT000108,LIMA REDONDA,0.0,1.0,0.0,1.0
H800OTGO3M76,CINTA AUTOFUNDENTE DE GOMA 3M,5.0,0.0,0.0,5.0
H800OTHALO02,FOCO HALOG. C/ATRIL DOBLE 500W,7.0,0.0,0.0,7.0
H800OTHERR83,BOLSO PORTA HERRAMIENTAS,2.0,0.0,0.0,2.0
H800OTLIJA83,LIJA AGUA,230.0,6.0,0.0,236.0
H800OTMANG56,MANGO PARA ESCOBILLONES,0.0,10.0,0.0,10.0
H800OTPLA104,PLATACHO MADERA,2.0,0.0,0.0,2.0
H800OTPLNN50,PALANQUETA 18IN/PATA CABRA-DIABLO,2.0,0.0,0.0,2.0
H800OTRENN49,ACOPLE DE REMOLQUE,1.0,0.0,0.0,1.0
H800OTSICANN,SISTEMA DE CARRO PARA PORTONES,4.0,0.0,0.0,4.0
H800OTSNR031,"CHUMACERA UCF 208, SNR",0.0,7.0,0.0,7.0
H800OTSTAN46,STANLEY PRENSA CARPINTERA 6 PULGADAS,0.0,2.0,0.0,2.0
H800OTSTAN47,STANLEY PRENSA CARPINTERA 8 PULGADAS,0.0,10.0,0.0,10.0
H800OTSTAN50,PRENSA CARPINTERA 10 PULGADAS,0.0,2.0,0.0,2.0
H800OTSU3M75,CINTA AISLADORA ELECTRICA 3M,9.0,0.0,0.0,9.0
H800OTTR47NN,TRIPOIDE DE MADERA,3.0,0.0,0.0,3.0
H800OTVANN48,VALVULA AMORTIGUADOR DE GOLPE DE ARIETE 3/4,1.0,0.0,0.0,1.0
H800OTYORK44,ESPATULA YORK 140MM,0.0,20.0,0.0,20.0
H800RIELDUCA,RIEL DUCASSE COLG U 100 I 300 3 MTS,4.0,0.0,0.0,4.0
IAB11007SS00,DISCO DE CORTE FINO  07in   ESPESOR 1.6 MM,23.0,953.0,0.0,976.0
IAB11009MT00,DISCO DE CORTE FINO  09in   ESPESOR 3 MM,0.0,50.0,0.0,50.0
IAB1104MSS00,DISCO CORTE FINO  04 1/2in  ESPESOR 01 MM,0.0,1072.0,0.0,1072.0
IAB12007SS00,DISCO CORTE NORMAL 07in ESPESOR 03MM,55.0,0.0,0.0,55.0
IAB12014SS00,DISCO CORTE NORMAL  14 in    ESPESOR 3mm,0.0,14.0,0.0,14.0
IAB1204MSS00,"DISCO CORTE NORMAL  04 1/2in    ESPESOR 2,5 MM",0.0,250.0,0.0,250.0
IAB13007SS00,DISCO DESBASTE 07in,52.0,363.0,0.0,415.0
IAB1304MSS00,DISCO DESBASTE 04 1/2in,1.0,160.0,0.0,161.0
IAB1404MHIHL,GRATA HISOPO  INOXIDABLE 26 MM,8.0,5.0,0.0,13.0
IAB1404MSSFA,GRATA PLANA TRENZADA  ACERO INOXIDABLE 4 1/2,2.0,10.0,0.0,12.0
IAB1404MSSHL,GRATA COPA  ONDULADA INOXIDABLE 4 1/2,2.0,0.0,0.0,2.0
IAB14207CRKL,DISCO DE LIJA PARA METAL (CUBITRON) 7IN,9.0,0.0,0.0,9.0
IAB1500CSCBH,LIMA ROTATIVA CILINDRICA 1/4 PLG (06MM),7.0,0.0,0.0,7.0
IAB15012SCBH,LIMA ROTATIVA CILINDRICA 1/2 PLG (12MM),6.0,0.0,0.0,6.0
IAB15040SC00,LIJA ROTATIVA CILINDRICA 1 1/2 PLG (40MM) GR60,6.0,0.0,0.0,6.0
IAB1604MSS00,DISCO ZIRCONIO 4 1/2 in G40,0.0,183.0,0.0,183.0
IAB18007SS00,DISCO ZIRCONIO 7 in G80,18.0,174.0,0.0,192.0
IAB210MD0000,PLIEGO DE LIJA MADERA,29.0,0.0,0.0,29.0
IAB23208NN00,PIEDRA ESMERIL DE BANCO 8 PLG,0.0,7.0,0.0,7.0
IAB23310AL00,DISCO DE SIERRA 10 IN ALUMINIO,0.0,4.0,0.0,4.0
IABDIAM00412,DISCO DIAMANTADO 4.1/2 CONTINUO,0.0,17.0,0.0,17.0
IAO0102MPAIN,PLUMON PAINT OLEO MEDIO 2MM AMARILLO,13.0,8.0,0.0,21.0
IAO010AZPLBL,PLUMON DE PIZARRA AZUL,0.0,18.0,0.0,18.0
IAO020LOROLA,LOMO ARCHIVADOR ANCHO ROJO - LAVORO,0.0,18.0,0.0,18.0
IAO030BORPIZ,BORRADOR PIZARRA,6.0,0.0,0.0,6.0
IAO050TNKITC,KIT TONER BROTHER ALTERNATIVO - MAGENTA-CYAN-YELLOW,0.0,2.0,0.0,2.0
IAO07048NN3M,CINTA ENMASCARAR,0.0,8.0,0.0,8.0
IAO0HPT25003,CARTUCHOS TINTA HP-250  MG,0.0,12.0,0.0,12.0
IAO103ANOCAP,ANOTADOR C. APRETADOR METAL/MADERA OF ACRIMET,0.0,7.0,0.0,7.0
IAO105AADURA,PILA DURACELL AA,0.0,4.0,0.0,4.0
IAO110TIJHAN,TIJERA HAND,0.0,2.0,0.0,2.0
IAO130NNNN00,CINTA ADHESIVA ENMASCARAR,0.0,0.0,5.0,5.0
IAO32000AA00,PILA DOBLE AA,0.0,1.0,0.0,1.0
IAO3200AAA00,PILA TRIPLE AAA,7.0,4.0,0.0,11.0
IAO350NNNN11,PLUMON MARCADOR PARA CD NEGRO,4.0,0.0,0.0,4.0
IAO370CART02,RESMA DE PAPEL CARTA BLANCO,0.0,10.0,0.0,10.0
IAO370OBAN02,BANDEJA PORTADOCUMENTO 3 NIVELESO,0.0,1.0,0.0,1.0
IAO370OGUN02,GUILLOTINA 8X8GS,0.0,1.0,0.0,1.0
IAO400CART00,SEPARADOR TAMAÑO CARTA,0.0,2500.0,0.0,2500.0
IAZ32008NNMA,REMACHE TIPO POP 3.2X8MM,0.0,3.0,0.0,3.0
IAZ4300MSC00,ABRAZADERA 1/2,8.0,0.0,0.0,8.0
IAZABRAZACEI,ABRAZADERA DE ACERO INOX,16.0,3.0,0.0,19.0
IBQ1394MSC00,GRATA PLANA ONDULADA CON VASTAGO ACERO CARBONO 4 1/2 in,0.0,181.0,0.0,181.0
IBQ21000NNCC,BOQUILLA PLASMA 9-8212 (90-100),50.0,0.0,0.0,50.0
IBQ21000NNCM,BOQUILLA OXICORTE CNC 106-0 (5-10) KOIKE PROPANO,1.0,0.0,0.0,1.0
IBQ21001NNCM,BOQUILLA OXICORTE CNC 106-1 (10-15) KOIKE PROPANO,1.0,0.0,0.0,1.0
IBQ21003NNCM,BOQUILLA OXICORTE CNC 106-3 (30-40) KOIKE PROPANO,1.0,0.0,0.0,1.0
IBQ21010NN00,BOQUILLA PLASMA 9-8253 (100-120),30.0,0.0,0.0,30.0
IBQ211008237,SHIED CUP BODY 9-8237 SOLTEC,20.0,0.0,0.0,20.0
IBQ21100NNLL,BOQUILLA STARTER CARTRIDGE 9-8213,13.0,0.0,0.0,13.0
IBQ21400NN00,CASQUILLO PROTECTOR 9-8239 / PUNTA DE ARRASTRE 70-100,20.0,0.0,0.0,20.0
IBQ214825600,CASQUILLO PROTECTOR 9-8256 / PUNTA DE ARRASTRE 100-120,1.0,0.0,0.0,1.0
IBQ22001NN00,BOQUILLA OXICORTE MANUAL N°1,2.0,0.0,0.0,2.0
IBQ22002NN00,BOQUILLA OXICORTE MANUAL N°2,0.0,13.0,0.0,13.0
IBQ22003NN00,BOQUILLA OXICORTE MANUAL N°3,0.0,20.0,0.0,20.0
IBQ22004NN00,BOQUILLA OXICORTE MANUAL N°4,0.0,19.0,0.0,19.0
IBQ22005NN00,BOQUILLA OXICORTE MANUAL N°5,0.0,15.0,0.0,15.0
IBQ22006NN00,BOQUILLA OXICORTE MANUAL N°6,9.0,0.0,0.0,9.0
IBQ23016NN00,BOQUILLA MIG 1.6 MM,0.0,296.0,0.0,296.0
IBQ23109CRCM,TOBERA CERÁMICA TIG N09,18.0,0.0,0.0,18.0
IBQ23110CRCM,TOBERA CERÁMICA TIG N10,18.0,0.0,0.0,18.0
IBQ2314MSC00,GRATA COPA ONDULADA ACERO CARBONO PARA ESMERIL DE 4 ½,20.0,0.0,0.0,20.0
IBQ23216NN00,DIFUSOR MIG 54A PISTOLAR DE SOLDAR ,107.0,0.0,0.0,107.0
IBQ24016NNCI,TOBERA MIG 16 MM TWECO  - 2362,1.0,486.0,0.0,487.0
IBQ25016NN00,BOQUILLA PISTOLA MIG 1.6,0.0,86.0,0.0,86.0
IBQ25124NN00,BOQUILLA 2.4 P/ARCO SUMERGIDO,10.0,0.0,0.0,10.0
IBQ25300NN00,CARTUCHO DE INICIO 9-8213,6.0,0.0,0.0,6.0
IBQ28211NNCC,BOQUILLA PLASMA 9-8211,3.0,0.0,0.0,3.0
IBR70111SC00,BROCA ANULAR 11 MM,0.0,9.0,0.0,9.0
IBR70114SC00,BROCA ANULAR 14 MM,0.0,2.0,0.0,2.0
IBR70116SC00,BROCA ANULAR 16 MM,0.0,5.0,0.0,5.0
IBR70117SCMK,BROCA ANULAR 17 MM,1.0,6.0,0.0,7.0
IBR70118SCMK,BROCA ANULAR 18 MM,2.0,6.0,0.0,8.0
IBR70119SC00,BROCA ANULAR 19 MM,0.0,7.0,0.0,7.0
IBR70120SC00,BROCA ANULAR 20 MM,0.0,8.0,0.0,8.0
IBR70121SC00,BROCA ANULAR 21 MM,2.0,7.0,0.0,9.0
IBR70122SCMK,BROCA ANULAR 22 MM,0.0,6.0,0.0,6.0
IBR70125SCMW,BROCA ANULAR 25 MM,0.0,1.0,0.0,1.0
IBR70126SCMK,BROCA ANULAR 26 MM,0.0,7.0,0.0,7.0
IBR70127SCMK,BROCA ANULAR 27 MM,0.0,3.0,0.0,3.0
IBR70129SCMK,BROCA ANULAR 29 MM,0.0,6.0,0.0,6.0
IBR70130SCMK,BROCA ANULAR 30 MM,1.0,1.0,0.0,2.0
IBR70132SCMK,BROCA ANULAR 32 MM,0.0,2.0,0.0,2.0
IBR70140SC00,BROCA ANULAR 40 MM,0.0,4.0,0.0,4.0
IBR70142SC00,BROCA ANULAR 42 MM,1.0,0.0,0.0,1.0
IBR70150SCMK,BROCA ANULAR 50 MM,0.0,3.0,0.0,3.0
IBR70319SC00,BROCA SDS 19MM (HORMIGON),1.0,0.0,0.0,1.0
IBR70322SC00,BROCA SDS 22MM (HORMIGON),3.0,0.0,0.0,3.0
IBR70322SC70,BROCA SDS 70MM  (HORMIGON),1.0,0.0,0.0,1.0
IBR7071200MK,BROCA SDS PLUS 12 MM ,0.0,4.0,0.0,4.0
IBR71004SS00,BROCA CILINDRICA COBALTO 04 MM,0.0,15.0,0.0,15.0
IBR71005SS00,BROCA CILINDRICA COBALTO 05 MM,0.0,15.0,0.0,15.0
IBR71006SS00,BROCA CILINDRICA COBALTO 06 MM,0.0,11.0,0.0,11.0
IBR71012NN00,BROCA SDS CONCRETO 12MM (HORMIGON),0.0,12.0,0.0,12.0
IBR71014SSDR,BROCA CILINDRICA COBALTO 14 MM,0.0,13.0,0.0,13.0
IBR71019SC00,BROCA CILINDRICA HSS 19 MM,4.0,2.0,0.0,6.0
IBR71022SC00,BROCA CILINDRICA HSS 22 MM,1.0,0.0,0.0,1.0
IBR71042SC00,BROCA CILINDRICA HSS 42 MM,1.0,0.0,0.0,1.0
IBR71101NN00,FLUIDO DE CORTE TAP MATIC- 500 CC,9.0,0.0,0.0,9.0
IBR713050000,BROCA HSS REBAJADA 7/8in,3.0,0.0,0.0,3.0
IBR71516SCMK,BROCA PALETA MADERA 16 MM,0.0,2.0,0.0,2.0
IBR71600NN00,BROCA FIERRO,0.0,13.0,0.0,13.0
ICP14700NN02,Memoria RAM,2.0,0.0,0.0,2.0
ICP16600NN00,CONECTOR ANTENA,0.0,50.0,0.0,50.0
IEL020383205,ENCHUFE MACHO VOLANTE IND. 380 V  32A 3P+T+N,0.0,7.0,0.0,7.0
IEL040383204,ENCHUFE HEMBRA IND. S/P 380 V  32A 3P+T,3.0,0.0,0.0,3.0
IEL040383205,ENCHUFE HEMBRA IND. S/P 380 V  32A 3P+T+N,0.0,26.0,0.0,26.0
IEL060300W00,FOCO LED 300 WATTS- TIPO TUBO,3.0,0.0,0.0,3.0
IEL132T836WN,TUBO FLUO T8 36W/540 G13 LUZ DIA,0.0,2.0,0.0,2.0
IEL13500MT00,CAJA FUERTE,1.0,0.0,0.0,1.0
IEL13912MT00,BOQUILLA GALV B.C. 1 1/2,0.0,503.0,0.0,503.0
IEL23COINN00,INTERRUPTO CORTA CORRIENTE 24V,1.0,0.0,0.0,1.0
IEL241HBRA10,TOMA DE CORRIENTE TRIPLE 10 A HEMBRA,6.0,0.0,0.0,6.0
IEL261CAD115,CARGA CADWELD 115,0.0,21.0,0.0,21.0
IEL320380V00,TOMA S/P 32A. 3P + 380V. IP-44 PCE,0.0,5.0,0.0,5.0
IEL320380V01,SOQUETE 32 A-380V/ PORTA FOCO,3.0,0.0,0.0,3.0
IEL3312216LG,ENCHUFE HEMBRA VOLANTE 220 V  16A 2P+T,0.0,69.0,0.0,69.0
IEL3322216LG,ENCHUFE MACHO VOLANTE  220 V  16A 2P+T,0.0,113.0,0.0,113.0
IEL3353832LG,ENCHUFE HEMBRA VOLANTE 380 V  32A 3P+T,0.0,58.0,0.0,58.0
IEL3363832LG,ENCHUFE MACHO VOLANTE  380 V  32A 3P+T,12.0,0.0,0.0,12.0
IEL4013MTS00,ALARGADOR MULTIPLE 3MTS,1.0,0.0,0.0,1.0
IEL4068930NN,CAJA CHUQUI PLASTICA SOBREPUESTA,7.0,0.0,0.0,7.0
IEL407220VNN,ENCHUFE MULTIPLE 220V,17.0,0.0,0.0,17.0
IEL407380VNN,ENCHUFE MULTIPLE 380V,6.0,0.0,0.0,6.0
IEL407CONE00,CONECTOR EURO HEMBRA MIG HREAMB 1PC (MAX),2.0,0.0,0.0,2.0
IEL463TIEBT5,CONJUNTO PUESTA A TIERRA DE BT,0.0,4.0,0.0,4.0
IEL477LED18W,FOCO EMBUTIDO LED 18 W REDONDO 6000K,1.0,0.0,0.0,1.0
IEL4783X16AH,ENCHUFE HEMBRA 3 X 16A,0.0,215.0,0.0,215.0
IEL51315NNEK,LAMPARA AHORRO ENERGÍA FL 150W E-40,2.0,0.0,0.0,2.0
IEM540CINTRB,CINTA EMBALAJE TRANSPARENTE,7.0,71.0,0.0,78.0
IEM55042MD00,MADERA DIMENSIONADO VERDE 4 X2 X 3200,0.0,100.0,0.0,100.0
IEM56003SCNN,CLAVO 3'',0.0,3.0,0.0,3.0
IEM56004NN00,CLAVO 4 PLG,0.0,50.0,0.0,50.0
IEM56004SCNN,CLAVO 4'',0.0,2.0,0.0,2.0
IEM56006NN00,CLAVO 6 PLG,0.0,2.0,0.0,2.0
IEM5603MNN00,CLAVO 3 1/2 PLG,8.0,0.0,0.0,8.0
IEN030NNNN00,"HUAWEI, INVERSOR ONGRIF TRIFASICO, 100KW, IP65, VERSION M2",0.0,0.1,0.9,1.0
IEN040NNNN00,"HUAWEI, INVERSOR HIBRIDO TRIFASICO, 50KW, IP65, VERSION 3M",0.0,1.0,0.0,1.0
IEN050NNNN00,"HUAWEI, SMART DONGLE WLAN-FE (10/100 MBIT PORT)",0.0,1.0,0.0,1.0
IGA32000NN01,GAS ATAL (MEZCLA),0.0,8.0,0.0,8.0
ILI0102016EL,PAPEL HIGIENICO 16 ROLLOS 20MT H/TRIPLE EL,0.0,16.0,0.0,16.0
ILI0105LTSKL,JABON LIQUIDO 5 LTS. ALMENDRA KLAREN,0.0,7.0,0.0,7.0
ILI010GUAN00,GUANTE DE LATEX AMARILLOS,0.0,3.0,0.0,3.0
ILI010INSE00,INSECTICIDA MATA MOSCAS 360CC. RAID,0.0,14.0,0.0,14.0
ILI010MOPA00,MOPA MICROFIBRA C/MANGO COMPLETA FIBRO,0.0,2.0,0.0,2.0
ILI030RVGONN,RENOVADOR DE GOMA TINTA VULK P/PNEUS,0.0,10.0,0.0,10.0
ILI050ESCOBR,ESCOBILLON EXTERIOR SCTOCH BRITE,0.0,18.0,0.0,18.0
ILI060507000,BOLSA DE BASURA 50 X 70,0.0,140.0,0.0,140.0
ILI060709000,BOLSA BASURA 70 X 90 CM,0.0,319.0,0.0,319.0
ILI060801200,BOLSAS DE BASURA 80 X 120,0.0,118.0,0.0,118.0
ILI080NNNN00,CLORO,11.0,2.0,0.0,13.0
ILI090NNNN00,CLORO GEL,0.0,19.0,0.0,19.0
ILI120NNNN00,DESINFECTANTE AMBIENTAL,0.0,11.0,0.0,11.0
ILI130NNNN00,DESODORANTE AMBIENTAL,0.0,11.0,0.0,11.0
ILI160NNNN00,ESCOBILLON,0.0,2.0,0.0,2.0
ILI170000400,ESPONJA CLASICA,0.0,10.0,0.0,10.0
ILI280NNNN00,LIMPIADOR PARA PISOS,0.0,1.0,0.0,1.0
ILI430NNNN00,DISPENSADOR,12.0,0.0,0.0,12.0
ILICLOROTABL,CLORO TABLETAS,15.0,0.0,0.0,15.0
ILISETPAMICR,SET PAÑO DE MICROFIBRA CUN1,0.0,9.0,0.0,9.0
IOT070ALPEMD,ALIMENTO PERRO ADULTO 18 KGS.  MASTER DOG,0.0,3.1,0.0,3.1
IOT100HS5049,RODAMIENTO MODELO HS5049B,0.0,1.0,0.0,1.0
IOT117180N00,RODILLO 180MM,0.0,50.0,0.0,50.0
IOT13100NN00,PISO PLASTICO COLORES,0.0,1.0,0.0,1.0
IOT1450NN01,PORTA TIZA MARCA METAL,15.0,11.0,0.0,26.0
IOT188120140,YESO CARTON 15MM 1.20 X 2.40 BR,0.0,394.0,0.0,394.0
IOT189NNNN00,DISPENSADOR TOALLA PAPEL,0.0,3.0,0.0,3.0
IOT1955000NN,AMARRAS PLASTICA  500 X 0.9 MM,100.0,0.0,0.0,100.0
IOT195760NN9,AMARRAS PLASTICAS  760 X 0.9 MM,500.0,0.0,0.0,500.0
IOT19901NN00,TEFLON 1inx0.75mm x 10Mts.,59.0,0.0,0.0,59.0
IOT200AMARIL,PLUMON MARCA METAL AMARILLO,0.0,20.0,0.0,20.0
IOT20301NN00,BROCHA ESTAMPA CERDA  1 IN,1.0,0.0,0.0,1.0
IOT20304NN00,BROCHA ESTAMPA CERDA  4 IN,0.0,1.0,0.0,1.0
IOT20425NN00,TIERRA PARA TIZADORES ,2.0,0.0,0.0,2.0
IOT20900NN00,BOQUILLAS DE RPTO ALCOTEST DEGITAL 10UN,13.0,0.0,0.0,13.0
IOT218IGNI00,MANTA IGNIFUGA,2.0,0.0,0.0,2.0
IOT221SPOT00,SPOTCHECK AEROSOL REVELADOR SKD-S2 330GR,30.0,0.0,0.0,30.0
IOT223CHIS00,CHISPERO TIPO COPA,0.0,15.0,0.0,15.0
IOT224PIED00,PIEDRA PARA CHISPERO,0.0,47.0,0.0,47.0
IOT228240NN0,ADHESIVO VINILIT TARRO C/O 240CC,0.0,2.0,0.0,2.0
IOT231FIBO00,DISCO DE FIBRA FS966 180X22 G.36 (BUBITRON),0.0,200.0,0.0,200.0
IOT242AGOR00,CINTA TAPAGOTERAS AGOREX 10 MT,0.0,2.0,0.0,2.0
IOT242SENN00,ROLLOS CINTAS SELLADORES,1.0,0.0,0.0,1.0
IOT243PH225M,PUNTA PHILLIPS X 25MM,4.0,0.0,0.0,4.0
IOT289PCNN00,PIEDRA CHISPERO,4.0,0.0,0.0,4.0
IOT294NN0000,CERRADURA BOLA DORMITORIO,0.0,1.0,0.0,1.0
IOT295ALGU00,ALGUICIDA 1 LT,3.0,0.0,0.0,3.0
IOT30055RB00,AMARRAS PLASTICAS 550x8.0,39.0,89.0,0.0,128.0
IOT30130RB00,AMARRAS PLASTICAS 300x4.8,0.0,88.0,0.0,88.0
IOT301FCNN00,FLUIDO DE CORTE TAP MATIC 1 LTS,0.0,2.0,0.0,2.0
IOT302TAP124,TORNILLO AUTOPERFORANTE HEXAGONAL 1/2 X 4 IN ,0.0,481.0,0.0,481.0
IOTCANOISTER,CANDADO OISTER,4.0,0.0,0.0,4.0
IOTI0ZABOLSA,TIZA BOLSA 1 KG,0.0,7.0,0.0,7.0
IOTI0ZACERAA,TIZA DE CERA,0.0,561.0,0.0,561.0
IOTLOCYRV243,PEGAMENTO LOCTITE PARA ENGOMADO,0.0,4.0,0.0,4.0
IOTMANGNNCO0,MANGA COLECTORA/FILTRO COLECTOR ,1.0,0.0,0.0,1.0
IOTMAXISACOS,MAXISACOS DE 1000 KILOS,0.0,50.0,0.0,50.0
IOTSILLAESCR,SILLA DE ESCRITORIO,2.0,0.0,0.0,2.0
IOTTALCOINDU,TALCO INDUSTRIAL,0.0,110.0,0.0,110.0
IPN20700CCVM,CEMENTO COLA VULK MULTIUSO,0.0,200.0,0.0,200.0
IPN850120000,GEL DECAPANTE ACERO INOX 1200GRS,0.0,3.0,0.0,3.0
IPN90043NNRU,PINTURA ESMALTE SPRAY,7.0,0.0,0.0,7.0
IPN960PTAZUL,PASTA AZUL,0.0,64.0,0.0,64.0
IPNIMPRIMA01,ADHESIVO IMPRIMANTE ANTICORROSIVO GRIS  MEGUN 3270,0.0,40.0,0.0,40.0
IPNIMPRIMA02,ADHESIVO IMPRIMANTE MEGUN 128 (UN 1993),0.0,40.0,0.0,40.0
ISL316L12000,ALAMBRE DE SOLDADURA 316L TUBULAR 1.2 MM,45.0,0.0,0.0,45.0
ISL910000000,ANTI-SPATTER ANTISALPICADURAS 600ML (USO ACERO CARBONO),0.0,0.0,1.0,1.0
ISL9200G7018,ELECTRODO 7018 5/32 IN,45.0,0.8,0.0,45.8
ISL9200G7P12,ELECTRODO BRONCE P12-R BAS 1/8,5.0,0.0,0.0,5.0
ISL9200H2507,ELECTRODO SUPER DUPLEX 2507 3/32in,135.0,0.0,0.0,135.0
ISL9200H6011,ELECTRODO 6011  3/32 in,0.0,0.7,5.0,5.7
ISL9200H7018,ELECTRODO 7018  3/32 in,0.0,0.0,5.0,5.0
ISL9200HSS00,ELECTRODO 316L 3/32in,9.0,0.0,0.0,9.0
ISL9200O6011,ELECTRODO 6011  1/8 in,0.0,112.75,0.0,112.75
ISL9200O7018,ELECTRODO 7018  1/8  in,2.0,0.0,0.0,2.0
ISL9200OSCLI,ELECTRODO 1/8in E6010 PARA CARBONO LINCONLN,0.0,150.0,0.0,150.0
ISL92025NN00,"ELECTRODO 2,5MM NICRMO3 DUPLEX",5.0,0.0,0.0,5.0
ISL93009316L,ALAMBRE SOLDADURA MIG SOLIDO 0.9MM 316L,15.0,0.0,0.0,15.0
ISL9300EST00,ALAMBRE SOLDADURA ESTAÑO,2.0,2.0,0.0,4.0
ISL9301270S6,"ALAMBRE SOLDADURA MIG SOLIDO 1,2MM  70S6",0.0,0.0,15.0,15.0
ISL94012316L,ALAMBRE DE SOLDADURA 316L TUBULAR 1.2 MM MIG,60.0,0.0,0.0,60.0
ISL9401271T1,ALAMBRE DE SOLDADURA E71T1 TUBULAR 1.2 MM MIG,0.0,380.0,195.0,575.0
ISL9401281N1,ALAMBRE DE SOLDADURA E81NI1 TUBULAR 1.2 MM MIG,0.0,0.0,30.0,30.0
ISL94012SS00,ALAMBRE SOLDADURA MIG TUBULAR 1.2 MM 316L,30.0,0.0,0.0,30.0
ISL94012SSNN,ALAMBRE SOLDADURA 316L 1.2 MM SOLIDO,0.0,105.0,0.0,105.0
ISL9401681N1,ALAMBRE DE SOLDADURA E81NI1 TUBULAR 1.6 MM MIG,0.0,171.0,0.0,171.0
ISL9500HSS00,TUNGSTENO 3/32in 5% TORIO PUNTO VERDE,6.0,0.0,0.0,6.0
ISL9500HSSTG,TUNGSTENO 3/32in 5% TORIO PUNTO ROJO,0.0,0.0,8.0,8.0
ISL95024316L,APORTE TIG 3/32 - 316L,0.0,2.0,0.0,2.0
ISL970240000,ALAMBRE ARCO SUMERGIDO 2.4MM,0.0,50.0,0.0,50.0
ISL981SOLD0M,SOLDADURA ALAMBRE 50% X 1/2 ( ROLLO),0.0,2.0,0.0,2.0
ISL983K4000C,TORCHADOR 1200 AMP K 4000,4.0,0.0,0.0,4.0
ISL98600DP0,ELECTRODO DURAMAX PMX PLASMA,62.0,0.0,0.0,62.0
ISL98600NNCC,ELECTRODO PLASMA 9-8215,99.0,0.0,0.0,99.0
ISLGRAFITO10,GRAFITO 3/8 x 12IN (10mm x 305mm),0.0,250.0,0.0,250.0
ISLGRAFITO65,GRAFITO 1/4 x 12IN (6.5mm x 305mm),0.0,500.0,0.0,500.0
RODILLOCHI00,RODILLO CHIPORRO ,0.0,50.0,0.0,50.0
SEHHGPSS1060,MALLA,1.0,0.0,0.0,1.0
SEPPINTIPE00,SERVICIO INSPECCION TINTAS PENETRANTES,0.0,5.0,0.0,5.0
SEQQBOSC1010,MANTENCION DE TALADRO CON BASE MACNETICA BOSCH,0.0,1.0,0.0,1.0
SEQQINTE2055,SOPORTE TIPO L,10.0,0.0,0.0,10.0
