Cod. Producto,Producto,Stock Total - STOCK SUCURSAL LA CHIMBA,Stock Total - TERRENO,Disponible - STOCK SUCURSAL LA CHIMBA,Disponible - TERRENO,Stock Total Consolidado
11086200,"HARNESS,SZ L,KEVLAR,SERVI-ALL 0020020398",0.0,2.0,0.0,2.0,2.0
A193PEHEX212,pernos hexagonal de 1 ½  x 8 hilos por pulgada x 2 ½ A193 B7,50.0,0.0,50.0,0.0,50.0
A316LGO0MY00,GOLILLA PRESION 316L 1/2in,55.0,0.0,55.0,0.0,55.0
A316LPE1C6MY,PERNO HEXAGONAL 316L 1 1/4`` X 6 1/2'',368.0,0.0,368.0,0.0,368.0
BCACHCN03NN0,CAUCHO NATURAL 03MM -  DUREZA 60,258.0,0.0,258.0,0.0,258.0
BCACHCN06NN0,CAUCHO NATURAL 06MM -  DUREZA 60,366.0,0.0,366.0,0.0,366.0
BCACHCN12NN0,CAUCHO NATURAL 12MM -  DUREZA 60,318.0,0.0,318.0,0.0,318.0
BCACHNE03NN0,CAUCHO NEOPRENO  03MM,86.0,0.0,86.0,0.0,86.0
BCACHNE06NN0,CAUCHO NEOPRENO  06MM,488.0,0.0,488.0,0.0,488.0
BCEALCE55S00,"PLACA CERAMICA S 11,55xT13mm",418.0,0.0,418.0,0.0,418.0
BCEALMM25150,CERAMICA  ALTALUMINA 150X25X25 MM,480.0,0.0,480.0,0.0,480.0
BCEALMM35353,CERAMICA  ALTALUMINA 35X35X35 MM,6480.0,0.0,6480.0,0.0,6480.0
BCEALUMM0621,PLACA CERAMICA 150X50X25mm 92% AL2O3,1792.0,0.0,1792.0,0.0,1792.0
C1020PE10S34,PERNO ANCLAJE 3/4,28.0,0.0,28.0,0.0,28.0
CA036FL14Z17,FLANGE A-105 CL 150 LB SLIP-ON 14in,4.0,0.0,4.0,0.0,4.0
CA036GO0EYOO,GOLILLA PRESION  5/8in,282.0,0.0,282.0,0.0,282.0
CA036GO0QY00,GOLILLA PRESION 3/4 in,105.0,0.0,105.0,0.0,105.0
CA036PE0C3MV,TORNILLO AUTOPERFORANTE HEX1/4in X 3 1/2in  CON GOLILLA GOMA,89.0,0.0,89.0,0.0,89.0
CA036PE1CV00,TORNILLO AUTOPERFORANTE 1 1/4 CON GOLILLA,200.0,0.0,200.0,0.0,200.0
CA036TU1CY00,TUERCA HEXAGONAL DE 1 3/4 in,45.0,0.0,45.0,0.0,45.0
CA036TUOEZOO,TUERCA HEX  5/8 in,321.0,0.0,321.0,0.0,321.0
CA053CN2MT00,CAÑERIA A-106 2 1/2 in SCH80,6.0,0.0,6.0,0.0,6.0
CA105FL02X00,FLANGE A-105 02in CIEGO CL 150 LBS RF,1.0,0.0,1.0,0.0,1.0
CA105FL02Z17,FLANGE A-105  02in SLIP ON RF CLASE 150lb,7.0,0.0,7.0,0.0,7.0
CA105FL03Z17,FLANGE A-105  03in SLIP ON RF CLASE 150lb,9.0,0.0,9.0,0.0,9.0
CA105FL04X00,FLANGE A-105 04in CIEGO CL 150 LBS,2.0,0.0,2.0,0.0,2.0
CA105FL06X00,FLANGE A-105 06in CIEGO CL 150 LBS RF,7.0,0.0,7.0,0.0,7.0
CA105FL08X00,FLANGE A-105 08in CIEGO CL 150 LBS RF,2.0,0.0,2.0,0.0,2.0
CA105FL08Z17,FLANGE A-105  08in SLIP ON RF CLASE 150lb,12.0,0.0,12.0,0.0,12.0
CA105FL10Z17,FLANGE A-105 CL 150 LB SLIP-ON 10in,20.0,0.0,20.0,0.0,20.0
CA105FL12Z17,FLANGE A-105 CL 150 LB SLIP-ON 12in,9.0,0.0,9.0,0.0,9.0
CA105FL2MZ17,FLANGE A-105  2 1/2 in SLIP ON RF CLASE 150lb,1.0,0.0,1.0,0.0,1.0
CA105FLWN300,FLANGE WN A-105 3 in CL 300 RF SCH-XS,1.0,0.0,1.0,0.0,1.0
CA2344C06W04,CODO 45º RL 06in SCH40,1.0,0.0,1.0,0.0,1.0
CA23493D3W45,CODO 3D 45° RL 3in  STD,1.0,0.0,1.0,0.0,1.0
CA23493D4W90,CODO 3D 90° RL 4in  STD,3.0,0.0,3.0,0.0,3.0
CA23493D6W45,CODO 3D 45° RL 6in  STD,6.0,0.0,6.0,0.0,6.0
CA23493D6W90,CODO 3D 90° RL 6in  STD,14.0,0.0,14.0,0.0,14.0
CA23493D8W45,CODO 3D 45° RL 8in  STD,1.0,0.0,1.0,0.0,1.0
CA23495D4W45,CODO 5D 45° RL 4in  STD,1.0,0.0,1.0,0.0,1.0
CA23495D4W90,CODO 5D 90° RL 4in  STD,1.0,0.0,1.0,0.0,1.0
CA2349C03W13,CODO 90° RL 3in SCH40,35.0,0.0,35.0,0.0,35.0
CA2349C06W04,CODO 90º RL 06in SCH40,19.0,0.0,19.0,0.0,19.0
CA2349C08W04,CODO 90° RC 8 in SCH 40,1.0,0.0,1.0,0.0,1.0
CA2349C10W04,CODO 90º RL 10in SCH40,21.0,0.0,21.0,0.0,21.0
CA2349C14W04,CODO 90º RL 14in SCH 40,10.0,0.0,10.0,0.0,10.0
CA234C38W004,CODO 90º RC 4in SCH 40,8.0,0.0,8.0,0.0,8.0
CA234ER06W03,REDUCCION EXCENTRICA A-234 06in X 03in SCH40,1.0,0.0,1.0,0.0,1.0
CA234ER06W04,REDUCCION EXCENTRICA A-234 06in X 04in SCH40,1.0,0.0,1.0,0.0,1.0
CA234RC10W08,REDUCCIÓN CONCENTRICA  10in - 08in WELDING SCH14,2.0,0.0,2.0,0.0,2.0
CA234TE03000,TEE RECTA 3 in A234 SCH 40,7.0,0.0,7.0,0.0,7.0
CA234TE06000,TEE RECTA 6 in A-234 SCH40,5.0,0.0,5.0,0.0,5.0
CA234TE14W04,TEE RECTA 14 in A-234 SCH40,1.0,0.0,1.0,0.0,1.0
CA234TEEA403,TEE RECTA 4 in A-234 SCH 40,4.0,0.0,4.0,0.0,4.0
CA234TR08W06,TEE REDUCCION A-234 08in X 6in SCH40,2.0,0.0,2.0,0.0,2.0
CA234TR14W10,REDUCCION CONCENTRICA A-234 14 in X 10i n SCH40,1.0,0.0,1.0,0.0,1.0
CA234TRC4212,REDUCCION CONCENTRICA A-234 SCH-40 4X2  1/2,1.0,0.0,1.0,0.0,1.0
CA325PES2MY0,PERNO HEXAGONAL A-325 7/8 X 2 1/2'',297.0,0.0,297.0,0.0,297.0
E100AN000005,CASQUETE PORTAVISOR CON ARNES CABEZA PARA PANTALLA 8 X 16,2.0,0.0,2.0,0.0,2.0
E100AN000006,MICA PARA PULIR 8 X 16 CLARO BORDE ALUMINIO,0.0,30.0,0.0,30.0,30.0
E100CA000001,CASCO DE SEGURIDAD,6.0,0.0,6.0,0.0,6.0
E100F1003M07,FILTRO 2091 (P100) - 3M CONTRA PARTICULAS,183.0,0.0,183.0,0.0,183.0
E100FI000009,FILTRO AIR F200CP3 - CONTRA PARTICULAS Y VAPORES,6.0,0.0,6.0,0.0,6.0
E100FI003M04,FILTRO 60923 3M / F600VGP3 AIR - CONTRA GASES Y VAPORES,6.0,0.0,6.0,0.0,6.0
E100FI0M0001,RESPIRADOR MEDIO ROSTRO,10.0,0.0,10.0,0.0,10.0
E100LE000002,LENTES OSCUROS,4.0,0.0,4.0,0.0,4.0
E100PA000003,TAPON AUDITIVO REUTILIZABLE,224.0,0.0,224.0,0.0,224.0
E100PA003M02,TAPON AUDITIVO ESPUMA - 3 M,41.0,0.0,41.0,0.0,41.0
E100VD000002,VIDRIO SOLDADOR NEGRO,525.0,0.0,525.0,0.0,525.0
E100VD000007,PACK VISORES MASCARA DE SOLDAR STEELPRO,37.0,30.0,37.0,30.0,67.0
E100VD000010,MASCARA DE SOLDAR,24.0,0.0,24.0,0.0,24.0
E100VDBLAC01,VIDRIO SOLDADOR TRANSPARENTE - MASCARA NORMAL,763.0,0.0,763.0,0.0,763.0
E100VDNEGR10,VIDRIO SOLDADOR NEGRO GRADO 10,86.0,0.0,86.0,0.0,86.0
E100VDNEGR12,VIDRIO SOLDADOR NEGRO GRADO 12,95.0,0.0,95.0,0.0,95.0
E100VDOPTE03,MASCARA DE SOLDAR FOTOSENSIBLE STEELPRO OPTECH,1.0,0.0,1.0,0.0,1.0
E200GU000007,GUANTE DE NITRILO VERDE,100.0,0.0,100.0,0.0,100.0
E200GUANCO16,GUANTES ANTI CORTES,6.0,0.0,6.0,0.0,6.0
E200GUNNNN06,GUANTES DE NITRILO - GOMA,7.0,0.0,7.0,0.0,7.0
E200GUOOOOO4,GUANTES DE CABRITILLA  PUÑO LARGO,8.0,36.0,8.0,36.0,44.0
E200GUPROM01,GUANTES DE CABRITILLA PUÑO CORTO,50.0,0.0,50.0,0.0,50.0
E200GUPROM10,GUANTE SOLDADOR ROJO,19.0,0.0,19.0,0.0,19.0
E200GUSOLAZU,GUANTES SOLDADOR,15.0,0.0,15.0,0.0,15.0
E300BUNNNN05,OVEROL TELE ANTIACIDA,4.0,0.0,4.0,0.0,4.0
E300CQWORK03,IN - CHAQUETA POLAR VARON,2.0,0.0,2.0,0.0,2.0
E400BUBLAC03,BUZO PAPEL BLANCO,31.0,0.0,31.0,0.0,31.0
E400CM000006,CAMISA MEZCLILLA VARON,90.0,0.0,90.0,0.0,90.0
E400PC00XXL4,CONJUNTO PRIMERA CAPA POLIESTER T/XXL,2.0,0.0,2.0,0.0,2.0
E400SDALFA01,PANTALON SOLDADOR CUERO,12.0,0.0,12.0,0.0,12.0
E400SDKEVL04,COLETO DE CUERO,5.0,0.0,5.0,0.0,5.0
E400SDMAOT01,CHAQUETA SOLDADOR CUERO MAO TENMIX,3.0,0.0,3.0,0.0,3.0
E500BLLOCK01,CANDADO BLOQUEO AMERICAN LOCK,6.0,0.0,6.0,0.0,6.0
E500OTRODI19,RODILLERA,5.0,0.0,5.0,0.0,5.0
H200EL000017,TALADRO INALAMBRICO,1.0,0.0,1.0,0.0,1.0
H200ELESCM00,ESCAREADOR NEUMATICO PARA LIMPIENZA DE SALPICADURA DE SOLD.,1.0,0.0,1.0,0.0,1.0
H300RGAR0000,REGULADOR ARGON,8.0,0.0,8.0,0.0,8.0
H300RM000006,LINER MIG 1.2 - 1.6,6.0,0.0,6.0,0.0,6.0
H300RM000043,VALVULA ANTIRRETROCESO REGULADOR GAS,2.0,0.0,2.0,0.0,2.0
H300RM000044,VALVULA ANTIRRETROCESO REGULADOR OXIGENO,2.0,0.0,2.0,0.0,2.0
H300RM000045,VALVULA ANTIRRETROCESO SOPLETE GAS,1.0,0.0,1.0,0.0,1.0
H300RM4M0002,JUEGO DE CARBONES ESMERIL ANGULAR 4 1/2 - DEWALT,0.0,10.0,0.0,10.0,10.0
H300RMELEC33,PORTA ELECTRODO 300 AMP,6.0,0.0,6.0,0.0,6.0
H300RMINTDIF,INTERRUPTOR DIFERENCIAL 25A AC 30MA,4.0,0.0,4.0,0.0,4.0
H300RPCIMT01,REGULADOR FLUJOMETRO OXIGENO,7.0,0.0,7.0,0.0,7.0
H300RPCIMT37,REGULADOR MANOMETRO PROPANO,15.0,0.0,15.0,0.0,15.0
H400MANGUPQS,MANGUERA PQS,45.0,0.0,45.0,0.0,45.0
H400MQ000007,PUENTE GRUA 10 TONELADAS,4.0,0.0,4.0,0.0,4.0
H400MQ000022,PISTOLA MIG,2.0,0.0,2.0,0.0,2.0
H400MQ000037,BOMBA HIDRAULICA HY230 CN ENFRIADOR HY230*HYTORC,1.0,0.0,1.0,0.0,1.0
H400MQHYTO40,LLAVE TORQUE HYTORC CUADRANTE 1´´,1.0,0.0,1.0,0.0,1.0
H400MQSKIL33,SIERRA CIRCULAR 7 1/4,3.0,0.0,3.0,0.0,3.0
H500IN000002,FLEXOMETRO 10 MT,19.4,0.0,19.4,0.0,19.4
H500IN000008,JUEGO TIZADOR,3.0,0.0,3.0,0.0,3.0
H500IN000010,NIVEL BURBUJA,1.0,0.0,1.0,0.0,1.0
H500IN000012,COMPAS MECANICO PUNTA RECTA 12,8.0,0.0,8.0,0.0,8.0
H500IN000016,ESCUADRA COMBINADA DE 12'',7.0,0.0,7.0,0.0,7.0
H500IN000028,FLEXOMETRO METALICO 30 MTS,2.0,0.0,2.0,0.0,2.0
H500IN000040,REGLA DE ACERO DE 40  / 1000MM,4.0,0.0,4.0,0.0,4.0
H500IN25MLNN,MEDIDOR LASER ( RONIX DISTANCIA)/DISTANCIOMETRO ,1.0,0.0,1.0,0.0,1.0
H500INMARC33,MARCADOR TERMOCONTRAIBLE 1 - 10AWG,8.0,0.0,8.0,0.0,8.0
H500INMITU04,PIE DE METRO MITUTOYO 8 Pul.,5.0,0.0,5.0,0.0,5.0
H500INPBG300,PESA BALANZA GANCHO 300 KG,1.0,0.0,1.0,0.0,1.0
H500MQAGC329,ENZUNCHADORA AGC33 ACERO 13-16-19MM MANUAL,2.0,0.0,2.0,0.0,2.0
H500PIME6000,PIE DE METRO 6¨,1.0,0.0,1.0,0.0,1.0
H700CT000004,CUCHILLO CARTONERO,8.0,0.0,8.0,0.0,8.0
H700CTNN0003,TIJERA HOJALATERA,2.0,0.0,2.0,0.0,2.0
H700KT000018,SET PERFORACION,21.0,0.0,21.0,0.0,21.0
H700KT000026,KIT SOPLETE CALENTADOR OXIGENO/GAS,1.0,0.0,1.0,0.0,1.0
H700KT000027,KIT SOPLETE CALENTADOR GAS,1.0,0.0,1.0,0.0,1.0
H700KTALLEN0,JUEGO LLAVE ALLEN,7.0,0.0,7.0,0.0,7.0
H700LCAC0001,ALICATE CAIMAN TIPO C,5.0,0.0,5.0,0.0,5.0
H700MN000016,CHISPERO DE COPA,1.0,0.0,1.0,0.0,1.0
H700MN000045,DADO 2¨¨,1.0,0.0,1.0,0.0,1.0
H700MN000051,DADO 25 MM,4.0,0.0,4.0,0.0,4.0
H700MN000057,DADO 10MM,2.0,0.0,2.0,0.0,2.0
H700MNNNNN01,DADO MAGNETICO,4.0,0.0,4.0,0.0,4.0
H700MNPHIL05,ATONILLADOR PUNTA PHILLIPS CROSSMANN Nº2,17.0,0.0,17.0,0.0,17.0
H700MP000002,MARTILLO CARPINTERO,4.0,0.0,4.0,0.0,4.0
H700MP000015,TENSOR ZUNCHO METALICO 1/2,5.0,0.0,5.0,0.0,5.0
H700MP000016,COMBO,1.0,0.0,1.0,0.0,1.0
H700MPLIOI08,CHUZO,1.0,0.0,1.0,0.0,1.0
H700MPNN0001,CINCEL,13.0,0.0,13.0,0.0,13.0
H700MPTACT10,MARTILLO GOMA MANGO F/VIDRIO 45 MM,7.0,0.0,7.0,0.0,7.0
H700OTAIMT07,TENSOR TUBULAR ACERO INOXIDABLE 316L 3/4in,21.0,0.0,21.0,0.0,21.0
H8000TYRK00,ESPATULA YORK 100MM,10.0,0.0,10.0,0.0,10.0
H800NIALUM24,NIVEL ALUMINIO 24¨,4.0,0.0,4.0,0.0,4.0
H800NIALUM48,NIVEL ALUMINIO 48¨,3.0,0.0,3.0,0.0,3.0
H800OT000007,LINTERNA MANUAL,3.0,0.0,3.0,0.0,3.0
H800OT000012,CINTA AISLADORA NEGRA,6.0,0.0,6.0,0.0,6.0
H800OT000107,LIMA PLANA,2.0,0.0,2.0,0.0,2.0
H800OT000108,LIMA REDONDA,1.0,0.0,1.0,0.0,1.0
H800OTLIJA83,LIJA AGUA,6.0,0.0,6.0,0.0,6.0
H800OTMANG56,MANGO PARA ESCOBILLONES,10.0,0.0,10.0,0.0,10.0
H800OTSNR031,"CHUMACERA UCF 208, SNR",7.0,0.0,7.0,0.0,7.0
H800OTSTAN46,STANLEY PRENSA CARPINTERA 6 PULGADAS,2.0,0.0,2.0,0.0,2.0
H800OTSTAN47,STANLEY PRENSA CARPINTERA 8 PULGADAS,10.0,0.0,10.0,0.0,10.0
H800OTSTAN50,PRENSA CARPINTERA 10 PULGADAS,2.0,0.0,2.0,0.0,2.0
H800OTYORK44,ESPATULA YORK 140MM,20.0,0.0,20.0,0.0,20.0
IAB11007SS00,DISCO DE CORTE FINO  07in   ESPESOR 1.6 MM,953.0,0.0,953.0,0.0,953.0
IAB11009MT00,DISCO DE CORTE FINO  09in   ESPESOR 3 MM,50.0,0.0,50.0,0.0,50.0
IAB1104MSS00,DISCO CORTE FINO  04 1/2in  ESPESOR 01 MM,1072.0,0.0,1072.0,0.0,1072.0
IAB12014SS00,DISCO CORTE NORMAL  14 in    ESPESOR 3mm,14.0,0.0,14.0,0.0,14.0
IAB1204MSS00,"DISCO CORTE NORMAL  04 1/2in    ESPESOR 2,5 MM",250.0,0.0,250.0,0.0,250.0
IAB13007SS00,DISCO DESBASTE 07in,363.0,0.0,363.0,0.0,363.0
IAB1304MSS00,DISCO DESBASTE 04 1/2in,160.0,0.0,160.0,0.0,160.0
IAB1404MHIHL,GRATA HISOPO  INOXIDABLE 26 MM,5.0,0.0,5.0,0.0,5.0
IAB1404MSSFA,GRATA PLANA TRENZADA  ACERO INOXIDABLE 4 1/2,10.0,0.0,10.0,0.0,10.0
IAB1604MSS00,DISCO ZIRCONIO 4 1/2 in G40,183.0,0.0,183.0,0.0,183.0
IAB18007SS00,DISCO ZIRCONIO 7 in G80,174.0,0.0,174.0,0.0,174.0
IAB23208NN00,PIEDRA ESMERIL DE BANCO 8 PLG,7.0,0.0,7.0,0.0,7.0
IAB23310AL00,DISCO DE SIERRA 10 IN ALUMINIO,4.0,0.0,4.0,0.0,4.0
IABDIAM00412,DISCO DIAMANTADO 4.1/2 CONTINUO,17.0,0.0,17.0,0.0,17.0
IAO0102MPAIN,PLUMON PAINT OLEO MEDIO 2MM AMARILLO,8.0,0.0,8.0,0.0,8.0
IAO010AZPLBL,PLUMON DE PIZARRA AZUL,18.0,0.0,18.0,0.0,18.0
IAO020LOROLA,LOMO ARCHIVADOR ANCHO ROJO - LAVORO,18.0,0.0,18.0,0.0,18.0
IAO050TNKITC,KIT TONER BROTHER ALTERNATIVO - MAGENTA-CYAN-YELLOW,2.0,0.0,2.0,0.0,2.0
IAO07048NN3M,CINTA ENMASCARAR,8.0,0.0,8.0,0.0,8.0
IAO0HPT25003,CARTUCHOS TINTA HP-250  MG,12.0,0.0,12.0,0.0,12.0
IAO103ANOCAP,ANOTADOR C. APRETADOR METAL/MADERA OF ACRIMET,7.0,0.0,7.0,0.0,7.0
IAO105AADURA,PILA DURACELL AA,4.0,0.0,4.0,0.0,4.0
IAO110TIJHAN,TIJERA HAND,2.0,0.0,2.0,0.0,2.0
IAO130NNNN00,CINTA ADHESIVA ENMASCARAR,0.0,5.0,0.0,5.0,5.0
IAO32000AA00,PILA DOBLE AA,1.0,0.0,1.0,0.0,1.0
IAO3200AAA00,PILA TRIPLE AAA,4.0,0.0,4.0,0.0,4.0
IAO370CART02,RESMA DE PAPEL CARTA BLANCO,10.0,0.0,10.0,0.0,10.0
IAO370OBAN02,BANDEJA PORTADOCUMENTO 3 NIVELESO,1.0,0.0,1.0,0.0,1.0
IAO370OGUN02,GUILLOTINA 8X8GS,1.0,0.0,1.0,0.0,1.0
IAO400CART00,SEPARADOR TAMAÑO CARTA,2500.0,0.0,2500.0,0.0,2500.0
IAZ32008NNMA,REMACHE TIPO POP 3.2X8MM,3.0,0.0,3.0,0.0,3.0
IAZABRAZACEI,ABRAZADERA DE ACERO INOX,3.0,0.0,3.0,0.0,3.0
IBQ1394MSC00,GRATA PLANA ONDULADA CON VASTAGO ACERO CARBONO 4 1/2 in,181.0,0.0,181.0,0.0,181.0
IBQ22002NN00,BOQUILLA OXICORTE MANUAL N°2,13.0,0.0,13.0,0.0,13.0
IBQ22003NN00,BOQUILLA OXICORTE MANUAL N°3,20.0,0.0,20.0,0.0,20.0
IBQ22004NN00,BOQUILLA OXICORTE MANUAL N°4,19.0,0.0,19.0,0.0,19.0
IBQ22005NN00,BOQUILLA OXICORTE MANUAL N°5,15.0,0.0,15.0,0.0,15.0
IBQ23016NN00,BOQUILLA MIG 1.6 MM,296.0,0.0,296.0,0.0,296.0
IBQ24016NNCI,TOBERA MIG 16 MM TWECO  - 2362,486.0,0.0,486.0,0.0,486.0
IBQ25016NN00,BOQUILLA PISTOLA MIG 1.6,86.0,0.0,86.0,0.0,86.0
IBR70111SC00,BROCA ANULAR 11 MM,9.0,0.0,9.0,0.0,9.0
IBR70114SC00,BROCA ANULAR 14 MM,2.0,0.0,2.0,0.0,2.0
IBR70116SC00,BROCA ANULAR 16 MM,5.0,0.0,5.0,0.0,5.0
IBR70117SCMK,BROCA ANULAR 17 MM,6.0,0.0,6.0,0.0,6.0
IBR70118SCMK,BROCA ANULAR 18 MM,6.0,0.0,6.0,0.0,6.0
IBR70119SC00,BROCA ANULAR 19 MM,7.0,0.0,7.0,0.0,7.0
IBR70120SC00,BROCA ANULAR 20 MM,8.0,0.0,8.0,0.0,8.0
IBR70121SC00,BROCA ANULAR 21 MM,7.0,0.0,7.0,0.0,7.0
IBR70122SCMK,BROCA ANULAR 22 MM,6.0,0.0,6.0,0.0,6.0
IBR70125SCMW,BROCA ANULAR 25 MM,1.0,0.0,1.0,0.0,1.0
IBR70126SCMK,BROCA ANULAR 26 MM,7.0,0.0,7.0,0.0,7.0
IBR70127SCMK,BROCA ANULAR 27 MM,3.0,0.0,3.0,0.0,3.0
IBR70129SCMK,BROCA ANULAR 29 MM,6.0,0.0,6.0,0.0,6.0
IBR70130SCMK,BROCA ANULAR 30 MM,1.0,0.0,1.0,0.0,1.0
IBR70132SCMK,BROCA ANULAR 32 MM,2.0,0.0,2.0,0.0,2.0
IBR70140SC00,BROCA ANULAR 40 MM,4.0,0.0,4.0,0.0,4.0
IBR70150SCMK,BROCA ANULAR 50 MM,3.0,0.0,3.0,0.0,3.0
IBR7071200MK,BROCA SDS PLUS 12 MM ,4.0,0.0,4.0,0.0,4.0
IBR71004SS00,BROCA CILINDRICA COBALTO 04 MM,15.0,0.0,15.0,0.0,15.0
IBR71005SS00,BROCA CILINDRICA COBALTO 05 MM,15.0,0.0,15.0,0.0,15.0
IBR71006SS00,BROCA CILINDRICA COBALTO 06 MM,11.0,0.0,11.0,0.0,11.0
IBR71012NN00,BROCA SDS CONCRETO 12MM (HORMIGON),12.0,0.0,12.0,0.0,12.0
IBR71014SSDR,BROCA CILINDRICA COBALTO 14 MM,13.0,0.0,13.0,0.0,13.0
IBR71019SC00,BROCA CILINDRICA HSS 19 MM,2.0,0.0,2.0,0.0,2.0
IBR71516SCMK,BROCA PALETA MADERA 16 MM,2.0,0.0,2.0,0.0,2.0
IBR71600NN00,BROCA FIERRO,13.0,0.0,13.0,0.0,13.0
ICP16600NN00,CONECTOR ANTENA,50.0,0.0,50.0,0.0,50.0
IEL020383205,ENCHUFE MACHO VOLANTE IND. 380 V  32A 3P+T+N,7.0,0.0,7.0,0.0,7.0
IEL040383205,ENCHUFE HEMBRA IND. S/P 380 V  32A 3P+T+N,26.0,0.0,26.0,0.0,26.0
IEL132T836WN,TUBO FLUO T8 36W/540 G13 LUZ DIA,2.0,0.0,2.0,0.0,2.0
IEL13912MT00,BOQUILLA GALV B.C. 1 1/2,503.0,0.0,503.0,0.0,503.0
IEL261CAD115,CARGA CADWELD 115,21.0,0.0,21.0,0.0,21.0
IEL320380V00,TOMA S/P 32A. 3P + 380V. IP-44 PCE,5.0,0.0,5.0,0.0,5.0
IEL3312216LG,ENCHUFE HEMBRA VOLANTE 220 V  16A 2P+T,69.0,0.0,69.0,0.0,69.0
IEL3322216LG,ENCHUFE MACHO VOLANTE  220 V  16A 2P+T,113.0,0.0,113.0,0.0,113.0
IEL3353832LG,ENCHUFE HEMBRA VOLANTE 380 V  32A 3P+T,58.0,0.0,58.0,0.0,58.0
IEL463TIEBT5,CONJUNTO PUESTA A TIERRA DE BT,4.0,0.0,4.0,0.0,4.0
IEL4783X16AH,ENCHUFE HEMBRA 3 X 16A,215.0,0.0,215.0,0.0,215.0
IEM540CINTRB,CINTA EMBALAJE TRANSPARENTE,71.0,0.0,71.0,0.0,71.0
IEM55042MD00,MADERA DIMENSIONADO VERDE 4 X2 X 3200,100.0,0.0,100.0,0.0,100.0
IEM56003SCNN,CLAVO 3'',3.0,0.0,3.0,0.0,3.0
IEM56004NN00,CLAVO 4 PLG,50.0,0.0,50.0,0.0,50.0
IEM56004SCNN,CLAVO 4'',2.0,0.0,2.0,0.0,2.0
IEM56006NN00,CLAVO 6 PLG,2.0,0.0,2.0,0.0,2.0
IEN030NNNN00,"HUAWEI, INVERSOR ONGRIF TRIFASICO, 100KW, IP65, VERSION M2",0.1,0.9,0.1,0.9,1.0
IEN040NNNN00,"HUAWEI, INVERSOR HIBRIDO TRIFASICO, 50KW, IP65, VERSION 3M",1.0,0.0,1.0,0.0,1.0
IEN050NNNN00,"HUAWEI, SMART DONGLE WLAN-FE (10/100 MBIT PORT)",1.0,0.0,1.0,0.0,1.0
IGA32000NN01,GAS ATAL (MEZCLA),8.0,0.0,8.0,0.0,8.0
ILI0102016EL,PAPEL HIGIENICO 16 ROLLOS 20MT H/TRIPLE EL,16.0,0.0,16.0,0.0,16.0
ILI0105LTSKL,JABON LIQUIDO 5 LTS. ALMENDRA KLAREN,7.0,0.0,7.0,0.0,7.0
ILI010GUAN00,GUANTE DE LATEX AMARILLOS,3.0,0.0,3.0,0.0,3.0
ILI010INSE00,INSECTICIDA MATA MOSCAS 360CC. RAID,14.0,0.0,14.0,0.0,14.0
ILI010MOPA00,MOPA MICROFIBRA C/MANGO COMPLETA FIBRO,2.0,0.0,2.0,0.0,2.0
ILI030RVGONN,RENOVADOR DE GOMA TINTA VULK P/PNEUS,10.0,0.0,10.0,0.0,10.0
ILI050ESCOBR,ESCOBILLON EXTERIOR SCTOCH BRITE,18.0,0.0,18.0,0.0,18.0
ILI060507000,BOLSA DE BASURA 50 X 70,140.0,0.0,140.0,0.0,140.0
ILI060709000,BOLSA BASURA 70 X 90 CM,319.0,0.0,319.0,0.0,319.0
ILI060801200,BOLSAS DE BASURA 80 X 120,118.0,0.0,118.0,0.0,118.0
ILI080NNNN00,CLORO,2.0,0.0,2.0,0.0,2.0
ILI090NNNN00,CLORO GEL,19.0,0.0,19.0,0.0,19.0
ILI120NNNN00,DESINFECTANTE AMBIENTAL,11.0,0.0,11.0,0.0,11.0
ILI130NNNN00,DESODORANTE AMBIENTAL,11.0,0.0,11.0,0.0,11.0
ILI160NNNN00,ESCOBILLON,2.0,0.0,2.0,0.0,2.0
ILI170000400,ESPONJA CLASICA,10.0,0.0,10.0,0.0,10.0
ILI280NNNN00,LIMPIADOR PARA PISOS,1.0,0.0,1.0,0.0,1.0
ILISETPAMICR,SET PAÑO DE MICROFIBRA CUN1,9.0,0.0,9.0,0.0,9.0
IOT070ALPEMD,ALIMENTO PERRO ADULTO 18 KGS.  MASTER DOG,3.1,0.0,3.1,0.0,3.1
IOT100HS5049,RODAMIENTO MODELO HS5049B,1.0,0.0,1.0,0.0,1.0
IOT117180N00,RODILLO 180MM,50.0,0.0,50.0,0.0,50.0
IOT13100NN00,PISO PLASTICO COLORES,1.0,0.0,1.0,0.0,1.0
IOT1450NN01,PORTA TIZA MARCA METAL,11.0,0.0,11.0,0.0,11.0
IOT188120140,YESO CARTON 15MM 1.20 X 2.40 BR,394.0,0.0,394.0,0.0,394.0
IOT189NNNN00,DISPENSADOR TOALLA PAPEL,3.0,0.0,3.0,0.0,3.0
IOT200AMARIL,PLUMON MARCA METAL AMARILLO,20.0,0.0,20.0,0.0,20.0
IOT20304NN00,BROCHA ESTAMPA CERDA  4 IN,1.0,0.0,1.0,0.0,1.0
IOT223CHIS00,CHISPERO TIPO COPA,15.0,0.0,15.0,0.0,15.0
IOT224PIED00,PIEDRA PARA CHISPERO,47.0,0.0,47.0,0.0,47.0
IOT228240NN0,ADHESIVO VINILIT TARRO C/O 240CC,2.0,0.0,2.0,0.0,2.0
IOT231FIBO00,DISCO DE FIBRA FS966 180X22 G.36 (BUBITRON),200.0,0.0,200.0,0.0,200.0
IOT242AGOR00,CINTA TAPAGOTERAS AGOREX 10 MT,2.0,0.0,2.0,0.0,2.0
IOT294NN0000,CERRADURA BOLA DORMITORIO,1.0,0.0,1.0,0.0,1.0
IOT30055RB00,AMARRAS PLASTICAS 550x8.0,89.0,0.0,89.0,0.0,89.0
IOT30130RB00,AMARRAS PLASTICAS 300x4.8,88.0,0.0,88.0,0.0,88.0
IOT301FCNN00,FLUIDO DE CORTE TAP MATIC 1 LTS,2.0,0.0,2.0,0.0,2.0
IOT302TAP124,TORNILLO AUTOPERFORANTE HEXAGONAL 1/2 X 4 IN ,481.0,0.0,481.0,0.0,481.0
IOTI0ZABOLSA,TIZA BOLSA 1 KG,7.0,0.0,7.0,0.0,7.0
IOTI0ZACERAA,TIZA DE CERA,561.0,0.0,561.0,0.0,561.0
IOTLOCYRV243,PEGAMENTO LOCTITE PARA ENGOMADO,4.0,0.0,4.0,0.0,4.0
IOTMAXISACOS,MAXISACOS DE 1000 KILOS,50.0,0.0,50.0,0.0,50.0
IOTTALCOINDU,TALCO INDUSTRIAL,110.0,0.0,110.0,0.0,110.0
IPN20700CCVM,CEMENTO COLA VULK MULTIUSO,200.0,0.0,200.0,0.0,200.0
IPN850120000,GEL DECAPANTE ACERO INOX 1200GRS,3.0,0.0,3.0,0.0,3.0
IPN960PTAZUL,PASTA AZUL,64.0,0.0,64.0,0.0,64.0
IPNIMPRIMA01,ADHESIVO IMPRIMANTE ANTICORROSIVO GRIS  MEGUN 3270,40.0,0.0,40.0,0.0,40.0
IPNIMPRIMA02,ADHESIVO IMPRIMANTE MEGUN 128 (UN 1993),40.0,0.0,40.0,0.0,40.0
ISL910000000,ANTI-SPATTER ANTISALPICADURAS 600ML (USO ACERO CARBONO),0.0,1.0,0.0,1.0,1.0
ISL9200G7018,ELECTRODO 7018 5/32 IN,0.8,0.0,0.8,0.0,0.8
ISL9200H6011,ELECTRODO 6011  3/32 in,0.7,5.0,0.7,5.0,5.7
ISL9200H7018,ELECTRODO 7018  3/32 in,0.0,5.0,0.0,5.0,5.0
ISL9200O6011,ELECTRODO 6011  1/8 in,112.75,0.0,112.75,0.0,112.75
ISL9200OSCLI,ELECTRODO 1/8in E6010 PARA CARBONO LINCONLN,150.0,0.0,150.0,0.0,150.0
ISL9300EST00,ALAMBRE SOLDADURA ESTAÑO,2.0,0.0,2.0,0.0,2.0
ISL9301270S6,"ALAMBRE SOLDADURA MIG SOLIDO 1,2MM  70S6",0.0,15.0,0.0,15.0,15.0
ISL9401271T1,ALAMBRE DE SOLDADURA E71T1 TUBULAR 1.2 MM MIG,380.0,195.0,380.0,195.0,575.0
ISL9401281N1,ALAMBRE DE SOLDADURA E81NI1 TUBULAR 1.2 MM MIG,0.0,30.0,0.0,30.0,30.0
ISL94012SSNN,ALAMBRE SOLDADURA 316L 1.2 MM SOLIDO,105.0,0.0,105.0,0.0,105.0
ISL9401681N1,ALAMBRE DE SOLDADURA E81NI1 TUBULAR 1.6 MM MIG,171.0,0.0,171.0,0.0,171.0
ISL9500HSSTG,TUNGSTENO 3/32in 5% TORIO PUNTO ROJO,0.0,8.0,0.0,8.0,8.0
ISL95024316L,APORTE TIG 3/32 - 316L,2.0,0.0,2.0,0.0,2.0
ISL970240000,ALAMBRE ARCO SUMERGIDO 2.4MM,50.0,0.0,50.0,0.0,50.0
ISL981SOLD0M,SOLDADURA ALAMBRE 50% X 1/2 ( ROLLO),2.0,0.0,2.0,0.0,2.0
ISLGRAFITO10,GRAFITO 3/8 x 12IN (10mm x 305mm),250.0,0.0,250.0,0.0,250.0
ISLGRAFITO65,GRAFITO 1/4 x 12IN (6.5mm x 305mm),500.0,0.0,500.0,0.0,500.0
RODILLOCHI00,RODILLO CHIPORRO ,50.0,0.0,50.0,0.0,50.0
SEPPINTIPE00,SERVICIO INSPECCION TINTAS PENETRANTES,5.0,0.0,5.0,0.0,5.0
SEQQBOSC1010,MANTENCION DE TALADRO CON BASE MACNETICA BOSCH,1.0,0.0,1.0,0.0,1.0
